sentiment,text,substring,status
neutral,Best wishes to @ Javedakhtarjadu @ AzmiShabana pseudo atheist In new country in advance . Bon voyage .â€¦ https // t . co / srrMgV9uZC,,
positive,Most emotional lines by Ammi `` Nahi jaraaha dahii lene idhar dy paisy main khud jaatii h0n Â´Â´ ðŸ˜‚ðŸ”«ðŸ˜¢,,
negative,@ smritiirani ji bahut bahut subhkamnaye ! hope you scale new heights in near future . # CabinetAnnouncement2019,,
neutral,@ danyalkhan007 @ Engr _ jerry ghr mae he best hti ha bt ab bahr ka arda ha,,
neutral,RT @ AmitLalwani BAAP of BLOCKBUSTER Arriving on 5 June @ BeingSalmanKhan # Bharat # BharatThisEid # BharatWithFamily # IAmBharat @ Bharat _ Th â€¦,,
neutral,@ ashokgehlot51 Are jo exam pending hai wo clear karao sir July August tak,,
negative,@ jokerofj @ TarekFatah A Muslim is a Muslim . There is no secularism in that samjha beta . It â€™ s not like Hindus and Hindutvas,,
positive,I â€™ ll be happy when this mf get done fixing my car ðŸ˜’ I â€™ m ready to go out,,
negative,Zameen Congress ne dilaayi Makaan Congress ne banvaya lekin vote toilet ke naam pe pade hain kyuki lehar â€¦ https // t co / RngQkCrTFt,,
positive,@ TimesNowHindi @ TimesNow Shaheedo ka ya unke pariwar ka Ktch bhi likhte rhte ho Shame on you,,
neutral,@ Bajwas24 Islam ke bary main agar knowledge nae tu yeah gatar mouth band rakho,,
negative,Kasme main laa laini way juti if I saw anymore tweets ' Ghabrana Nahi Hai ',,
positive,@ mamata _ for _ PM MAMATA JI AAP SAHI BOLTE HO JAI SREE RAM RAM KA NAAM LO AAPKA JEEWAN SUDHAR JAAYEGA JAI SHREE RAM BO â€¦ https // t . co / SkaV3JV3yj,,
negative,@ bhupeshbaghel Koi to Chhattisgarh ka bane kabhi ??? ðŸ˜˜.. this bhopun can only be chamcha Das ðŸ’¥,,
negative,@ GulBukhari Chutia Adil Abbasi .... isko pata hi nahin what he is talking to ... a paid troll,Chutia,updated
negative,Conngress ke spokes persons ab kya karenge jhuth ke alawa kuchh aata nahi inhejinka president hi jhutha ho .....,,
positive,@ smritiirani @ DebasreeBJP Smriti je hum sab ko vishwas hai aap good better best kaam karenge . Hum prayagraj wasiyo â€¦ https // t . co / 7KVwDsmaTK,,
positive,@ FarhanHamidsays Allah jald sehat yaab kare . All prayers for you always ðŸ™,,
neutral,@ thewirehindi Hindu Dabang tha hai aur rahega Tum jaise jaichando ki wajah se Hindu Aur Hindu ki dharti ko Sadiyon â€¦ https // t . co / 6JCf29LFXO,,
positive,@ SushmaSwaraj Mam aap nahi janate ki hum Bharatiya apka seva bahut miss karenge . Aap jaise neta Milana bahut mushki â€¦ https // t . co / e83Ipg0hH3,,
positive,Modi ji ki jeet ka fayadha sabse jayadha school ke bacche ka huva bhai Five years tak prime minister ka naam yaad nahi kernha Padhegha ðŸ˜€,,
neutral,RT @ TheJazzyBelle PUT THIS IN EVERY DICTIONARY IN THE WORLD NEXT TO â€œ INGENUITY â€ RIGHT NOW !!!!!!!! RT @ reverseiris HER MUTHA-FUCKING-MIND â€¦,,
negative,Sharm ani chaheye is so called President ko shkal sy hi bewakuf lagta ha jese koi pagal bat krta krta dant kaat le ga,,
negative,Shaabaash Kutti k baccho ') Kabhi mulk ki Ezat na krwana BC ðŸ˜  # PAKvWI # WC19 https // t . co / ZVtYe8JJtX,,
positive,Us k dil per bhi kaari ishq main guzri hogi ... Naam jis ny bhi muhabbat ka saza rakha hae ... Jab sy juny mujhy dew â€¦ https // t . co / MF4zyT9XYT,,
negative,RT @ awarastic Pakistan ko kisi ne btaya nahi t20 world cup nahi h ye .. jo 20 over me hi ludak gaye ..,,
positive,RT @ MohitKu89617757 @ Atheist _ Krishna @ ANI Wah ye hai 56 inch ka dam ab sabhi padosi ise dekhte rahenge aur jalte rahenge bharat mata ki jai,,
negative,@ AdarshK11988913 in polticians ki kaam he hame aapas me ladana aur vote bank k naam pe iss desh ko todna kyunki iss â€¦ https // t . co / cXvp3PpZhl,,
positive,@ 1stIndiaNews @ INCRajasthan @ ashokgehlot51 @ RahulGandhi Sachin pilot jindabad,,
negative,@ Itz _ aziz __ Congress ne ye nirnay liya hai ki anchor agar insaan ho to jae Bhokne wale kutte ho jaise ki Amish sad â€¦ https // t . co / uoplZP0NPo,,
positive,@ BeingSalmanKhan # BharatThisEid # Bharat # loveuSalman ðŸ’‹ superb look very handsome https // t co / KmqDSbNxvF,,
neutral,@ khusboomishra1 Har koi Hindu Musalman bad me hai Insaan pehle hai Achha Insan apne bachhon aur Beewi ko khush rakh â€¦ https // t . co / GwUNEgwm6A,Hindu Musalman,updated
negative,@ vSupportNamo @ indifferent _ kay @ htTweets Gyan Mubarak ho aapko Chai aur chugliyan Mubarak ho hamein,,
neutral,Just Liked on YouTube Luka Chuppi Duniyaa Full Video Song | Hindi Duniya Full Song | Sapan Ahamed https // t . co / QyJTWKK922,,
neutral,@ Ra _ Bies Bhai respect do inhe BJP ko jitane ka kaam sabse jyada inhine kiya he sayad ðŸ˜‚ðŸ˜‚,,
negative,@ Ishtiaq79410094 @ sidraa _ zafar @ 29NotJustNumber Pehle fact padh le chutiye tera pakistan hai kutte ki tarah map wal â€¦ https // t . co / jMLFfvBmIT,,
positive,HAPPY BIRTHDAY Morgan Freeman - MY FILMY DUNIYA Help Line No . 08866681188 / 2288 / 3388 / 4488 Born 31 May 1943 (â€¦ https // t . co / HlIMUovF8a,,
positive,@ INCMP ye extra votes jo government employee bahar rahte hai apni constituency se unke h . vo EVM me nhi hote ballet se hote hai,,
positive,RT @ saadrajpoot _ bhale teri english thori kachi ha per we are really proud of you bro # SarfarazAhmed â¤ï¸ https // t co / I6AHP6vedZ,,
positive,@ pandeyji796 @ ZAbbasOfficial @ Elmakapelma Or yeh uski beti ka khud ka decision hai achay buray ki samaj d hui hai â€¦ https // t . co / RfjbFpWmsH,,
positive,Hiii chotu babie you're so cute !ðŸ’˜ You're actively supporting and participating in streaming always i love that i â€¦ https // t . co / Tt0JytXvCv,,
positive,@ AWGoraya Afwahain Tere baap kuttey ðŸ• ke Marne ki thin lekin bhonk Kar tu Bata raha he tera baap kutta nhi khinzeer â€¦ https // t . co / cICQf4pYsc,,
neutral,@ gkldh @ News18India @ samajwadiparty @ BJP4India Pragna thakur ko Congress ne fake case create banake fasaya tha isas â€¦ https // t . co / Fyo5X7t8XQ,,
neutral,@ MediaCellPPP Ek apel he ke sb ko ke hume sanghar me koi sahoolt nhi he seht ki . Humare pas na doctor he na N I c â€¦ https // t . co / sWkWasPwr5,,
positive,@_ YogendraYadav Ager ye deshbhakt hai to jiss yuva ne bjp ko vote daala wo kya desh dharohi hai yadav g me e â€¦ https // t co / UKD3Zd1GE0,,
negative,@ AkhileshPSingh Sahi hai sir jo kaam media ko karna chaiye vo aap kar rahe ho kyuki media to bik chuka modi ke haat â€¦ https // t co / T98dBfkweZ,,
neutral,@ anildubey04 @ msisodia @ ArvindKejriwal @ AtishiAAP @ KumarBibhav @ arunodayprakash Is kam ke bad bhi to election me ja â€¦ https // t co / clZK2FP3vS,,
negative,@ vikasbha Tum log journalist bann kaise jaate ho . Journalist ka J bhi nahi ho tum jaise log . Mann toh kar raha hai â€¦ https // t . co / UmBZMU88TS,,
negative,@ TheSamirAbbas @ TOIBhopalNews kabhi inse ratri jagran ke loye jagah mangna ghanta bhi ni milegi . hindu hi h ji aisa â€¦ https // t . co / JEcystvb1O,,
neutral,@ MianZahid89 @ shazil _ jaan @ mfaisalahmad1 @ gulnaz _ syeda @ JanetWherrich No one is leaving we all are team MNS ch â€¦ https // t co / IzcY3Y9hzh,,
negative,Thu hai aesi sharkar pe namard mardo se jeet nahi pate hai to aurto pe jurm karke apna kanoon dikhate hai sale bher â€¦ https // t . co / I55NIHFmKA,,
negative,@ VedTiwari @ HIPnHAP _ IP Mandir me cow kat kr fake skte ho koii meet khaye to pitoge mandir me pandit khud chicken mu â€¦ https // t . co / ygPcb3z3W5,,
neutral,@ rahatindori @ mppkvvclindore @ iPriyavratSingh @ OfficeOfKNath Bataiye raahat Saab ko hi raahat nahi hai .... Kuchh di â€¦ https // t . co / TK8Dsw3wTV,,
neutral,@ khan _ ka _ sher @ Ayee _ Jenai nikal ja beta nai to taryi nikki baji ko be lolomycin ka teekha laga dune ga aour tum free mea mamu ban jyo ge,,
positive,1. The 1975 I like it when you sleep for you are so beautiful yet so unaware of it 2. Arctic Monkeys AM 3. UDD â€¦ https // t . co / qoJlLlLWVH,,
neutral,@ AamAadmiParty @ ArvindKejriwal kal tak to pure desh ki problem ki baat ker rha tha . Modi aur Shah k alawa koi nhi â€¦ https // t . co / 7l4mH8dIrn,,
positive,@ rssurjewala @ manakgupta awesome campaign sir keep it up ... 2024 me bhi aap isi tarah harenge ...,,
neutral,RT @ YadavAr27945100 @ AamAadmiParty @ ArvindKejriwal Mundka under pass M Aj tak leakage band nahi hui h . Nangloi k under pass ka Kaam Chal r â€¦,,
neutral,RT @ ask0704 The 2019 election result is a verdict against people like me | The only part correct about this Karan Thapar piece is this hea â€¦,,
neutral,@ abpanandatv Jai Shri Ram haZ turned out to be the Vande Mataram of the day ! @ irajdeep @ republic @ amitmalviya â€¦ https // t . co / JXu5pjti3B,,
neutral,Who said ki jcb only khudai k kaam ati h yha dekho bhrayi bhi chal rahi h https // t co / cWtUqaOHvj,,
negative,@ ShilpiSinghINC @ NiranjanTripa16 Khuni sale bjp wale . Ab Maal share carneme corruption me share na milnese khun kiya hoga .,,
positive,bhut bhut badhai avam subhkamnaye aapko @ ysjagan ji for taking oath as cm # printmafias # facebook . com / printmafias,,
neutral,@ BilalAn51111557 @ Pagal _ hun _ mai _ Koshish kru ga guarantee ni deta ðŸ˜‚ðŸ˜‚ðŸ˜‚,,
neutral,@ Rheaa _ 17 Harane ko to bas ek Acha din Chahiye . Anyone can beat anyone but England even on their not so good days won by 104 runs .,,
positive,@ ggukieflies Aiiiii mera chhotu bacha ðŸ’™ðŸ’™ Love you and adore you so much Mini ðŸ’™ You seem distant a few weeks back but â€¦ https // t . co / IrehKtoYgX,,
neutral,@ anjanaomkashyap Bhage nhi maidan chod k Ptiyala University ne cheating ki h,,
neutral,Movie / AlbumSari Sari Raat 2019 SongSari Sari Raat SingersMannat Noor Rajvir Jawanda Song LyricistsHappy Raiko â€¦ https // t . co / DzckopPLmJ,,
positive,@ paurikhal _ ki @ harshu _ mama @ emraanhashmi ðŸ˜‚ðŸ˜‚ðŸ˜‚ðŸ˜‚ Matlab the layers to this scene is mind blowing !! That means they sa â€¦ https // t . co / 51chLIBnKs,,
positive,@ HaroonGFX Mehrabani ðŸ˜«ðŸ˜« Waise Happy birthday phir syy ðŸ’ Many many happy returns of the day shokhy ðŸ˜‚,,
negative,@ AkhileshPSingh @ BJP4India @ RSSorg Abe chutiya Gandhi madhar chor hai jaise tum ho tum jaise chutiya ke Karan aaj â€¦ https // t . co / fVcPFWM9bV,,
negative,@ rumanmalik @ MichaelVaughan If not mat kaho seedha kaho pak nahi jeet sakti ðŸ˜‚ðŸ˜‚ðŸ˜‚,,
neutral,@ sakshijoshii Ham aap ko samajhty h .. aap ko vo Bhi samjhty h .. aap ek achchey insane h . yhi to bharat ki pehchan .. ek â€¦ https // t . co / wicr9OQXcs,,
positive,RT @ KgKalpana # Nesamani is enough to distract ourselves from sadness We love # Nesamani until sun dies # Pray _ for _ Neasamani https // t â€¦,,
neutral,@ ZakaWaqar @ ImranKhanPTI Ya is lia aise book kyu k ya introductory book because hamara yaha choti clases ma compute â€¦ https // t . co / Np5g7kspJv,,
positive,@ Pawansh07 Badlao se problem kya hai .... kya badlao hone ke bad party khatm ho jayegi ? Dusro ko v moka dijiye .... A â€¦ https // t . co / lwG5JeNWuh,,
negative,RT @ memorable _ 90s Hindi bolne wala har north indian Panipuri bechne wala nahi hota Jaise har south Indian Po po bajake idli bechne wala â€¦,,
positive,Asatya par Satya ki jeet k liye dhero subhkamnaye sir aap ko LK https // t co / HI41UIJGo0,,
negative,RT @ Nagesh _ nsui6 No Matter what result is You will always remain my Leader â¤ï¸ & I am always proud to say this ðŸ˜Š à¤¹à¤® à¤«à¤¿à¤° à¤²à¤¡à¤¼à¥‡à¤‚à¤—à¥‡ à¤”à¤°â€¦,,
positive,@ yadavtejashwi laluYadav is a great philosopher he made coreauge to the downtrowden & poorIndian's this thought was â€¦ https // t . co / gDkzXAoLlW,,
negative,@ IndiaToday Teri kimat dokodi ki ho gayi ... amit shah will capture telegana soon ... kcr will resign ...,,
positive,# DeraSachaSauda Gud Mrng saiyan @ Gurmeetramrahim ji Please Bless everyone with maximum sewa Simran Parmarth and s â€¦ https // t co / J0HvXDG8hI,,
negative,Kutte k bache tu khud kuon nahi de deta ju tu ne hamare paise chori kiye hain tera pura khandan chor nikla https // t . co / k9JjLq53I9,,
negative,@ dasraghubar Sir Dhanbad Nagar nigam k upar bhi najar rakhe waha ki saaf safai kuch thik nai hai kacra lene daily n â€¦ https // tco / CIraCZjjvO,,
neutral,Hamare Sheher Mein Sach Baat Kehne Wala Hee Har Ik Nazar Mein Sazawaar Kuch Zyada Hai Poetry Ejaz Hussain FAKHI â€¦ https // t . co / Koc797uics,,
neutral,@ ChMSarwar Governor sb . ye is ghareeb mulk ka pasia ha . kisi k baap ki jageer nahi . apney personal expense pr kabhi itni khairat ki ha,,
positive,@ PonnaarrBJP @ nsitharaman Deso Netri My Strong and Kind Hearted leader Durga Shakti Lokmata Nirmala Didi Jindabad .,,
positive,@ BTS _ twt My angel seokjin with purple hair grrrrr I love you world wide hamdsome ðŸ’œ,,
negative,@ Iprashant10 @ TimesNow @ navikakumar @ thenewshour Arey mai iss Time now ke u turn pe bol raha hu . Saala modi bhakt channel,,
positive,# TheGiftOfEducation thanku so much guru ji aapki Rehmat se hum sab ye kr pate h https // t co / DYPWSgrixs,,
positive,RT @ luca __ macdonald rlly cannot stress enough how important it is to tell people you love and care for them bcos you actual never know whe â€¦,,
negative,@ JasvirGillSing2 @ paree7861 @ PaunMahesh _ INC @ ADiravia @ INCEr _ anurag Ye sabh Feku ki Hugs ka kamaal hai,,
positive,RT @ deespeak I am so PROUD to call this my first show as an actor â¤ï¸ðŸ™ðŸ» Lautne ki tamanna hai meri aur waapsi ka bhi yakeen hai ... Mazhab ha â€¦,,
neutral,Unfollow pink-tarha's . I dont wanna see their sale update anymore . Ayoko ng mahulog sa bitag ng mga sale na yan . ðŸ˜‚ðŸ˜‚ðŸ˜‚ðŸ˜­ðŸ˜­ðŸ˜­ðŸ˜­,,
negative,@ ArvindKejriwal Bc apne muh se modi G ka naam b mt le 2020 k bad teri kh k lega tune sbki file bnai hai vo t â€¦ https // t co / GBELBuJWGp,,
positive,Good luck to my partner Hazaar doing the challenging high altitude Inca trail over 4 days to raise funds for the â€¦ https // t . co / cfk45Jiybp,,
positive,Sir sbse phele book salman khan super star Bharat movi ka hume besabri se intzar ab khtm hone wala super jodi sal an kaif # BharatWithFamily,,
neutral,@ thetemporalmonk @ Riskiest _ Poison @ Atheist _ Krishna Gadho ko to ye bhi nahi pata ki Obama ab president nhi hai US ka ðŸ˜‚ðŸ¤¦,,
neutral,RT @ madhukishwar You mean you Gora Saheb ready to fight for us bhoori kaali janta ? https // t . co / uK7Tt2TVMF,,
positive,ðŸ’• Good morning my sweet sweet papa @ Gurmeetramrahim ji ðŸ’• ðŸŒ² Plz bless me more sewa sumiran parmarth ka bal ðŸ’ªâ€¦ https // t . co / eweVmL5ZAw,,
positive,@ Nammy942 @ lalatubbiess Hooh kita sllu nunggu . .Â·Â´Â¯`(>â–‚<)Â´Â¯`Â·. Rest well author . We love you (ã£Ë˜Ì©â•­â•®Ë˜Ì©)ã£,,
neutral,@ ipsnaithani @ dgpup @ lkopolice @ CMOfficeUP @ ANI @ ANINewsUP @ Uppolice Congratulations Sir .ðŸŽ‰ Proud of You . Sir on 29â€¦ https // t . co / Gqx8EOYMDT,,
negative,@ Joydas Na Na .. Allah ke kisi nek bande ki baddua bhe kaam kar sakte hai enemies ( pakistan ) ko destroy karne ke liye â€¦ https // t . co / siFJvCi6Bz,,
neutral,@ narendramodi SirJai Shree Ram and Bharat Mata ki Jai . I Love you India . SirKal news main pura WB dekha 1no kharap â€¦ https // t . co / CDzOPf4FAf,,
neutral,Just # watched # punjabi # movie # RabbDaRadio2 nice work by all team nice story must watch @ BawaRanjit â€¦ https // t co / c442HIrP2O,,
positive,@ NamdevAnjana Aapan sagle Parthana Ch Karu Shakto ki # pappu hach Congress president rahil # IStandWithRahulGandhi,,
positive,@ bachPunn @ iffat _ s97 @ nishacharr @ BrahmaandKiMaa Hot ' kameeney ... She replied me !! ðŸ˜œðŸ˜œðŸ˜œ,,
neutral,@ AskAnshul Is he hindu ??? to phir modi ko to use jarur bachana chaiye kyuki ek hindu aatankvadi kaise ho sakta hain â€¦ https // t . co / 0HzS0Jpov4,,
negative,@ tweetingrocky @ Wabbasi007 wo azaad kashmir wahan aman he baqi jamu kashmir ki zulim ki video ko insaan dekh nahi s â€¦ https // t . co / 20bVYGNbra,,
neutral,@ anjanaomkashyap 4- jabki main to nokri karne wala person tha 5- kisi ko nokri se nikal de ki tumhari jyda sallry â€¦ https // t co / OYDVLBjh3R,,
negative,@ MaryamNSharif O dhui ki pedaish . Teray baap ne kon se kam keay hain ? Pakistan teray baap ne banaya tha jo har chez â€¦ https // t . co / zQ8WsyILBX,,
neutral,@ umair __ 56 @ seebi17 Ggggg bilkul ! ðŸ˜‚ðŸ˜‚ðŸ™ðŸ™ Meri characteristics btaa dyna bajii baad my bura na many ðŸ˜‚ðŸ˜‚ðŸ˜Ž,,
positive,Congratulations to @ AmitShah As a India's home minister And also congratulations to @ smritiirani as a Bal Vikas Kap â€¦ https // t . co / XfsRBo2v4W,,
negative,@ AsaramBapuJi Ek nahi blki kai farji N . G . O . 's ese hain jo desh me hindu dharm ko badnam kr dharmantaran ko badhava â€¦ https // t . co / M7AJJze7XE,,
positive,@_ 123sms Khar Mubarak ðŸ˜ Allah sy dua hai ap log b jald humary sath her Din many ðŸ˜ðŸŒ¹,,
positive,RT @ PplOfIndia Ms @ AtishiAAP might have have done super work in education in Delhi but Modi has done superb work in all fields - from edu â€¦,,
negative,@ RailwaySeva @ drm _ apdj @ DrmDnr DRM ko bhi bataya lekin abhi tak koi action nahi hua log AC coach ka emergency windows kholke bethe he .....,,
negative,@ Nenorakam Verri puka Ni valla fanz andaru matalu padalsivastundi Kutta muskoni they lawda ga Musugu na madda,,
negative,@ Bhupeshp _ IND Aaj rajniti man aur maryada ko bhool ker desh ko ak gande mahhol me dalne ka praysh kar rahi hai . Har â€¦ https // t . co / VhwsyyxBHv,,
positive,@ narendramodi177 kasham she bahut khushi hui sir ji Badhai ho aapko sir ji Mujhe umid thi ki sarkaar aapki hi ban â€¦ https // t co / daqdqIsJuk,,
positive,Congratulation our prime minister @ narendramodi ji Apko dil se hardik subhkamnaye sir,,
neutral,RT @ sachin _ rt My heartiest congratulations to @ narendramodi Ji & @ BJP4India for winning the # LokSabhaElections2019 The nation is with you â€¦,,
positive,Thank u For Coming Live ðŸ˜˜ But I Missed it ðŸ˜­ Bhai Apne Duaa k kaha me apka lia har namaz me Duaa krti hn Apka nam la k â€¦ https // t . co / ac7SQeftA9,,
negative,RT @ razzzzzzza * okay momwe friends are planning a trip * mom nahi betaajkl k dost bht kharab haikhud parhai kr lety pr dosrun ko kharab â€¦,,
negative,@ bunnyyggukk @ lalalaseokjin @ leiaxoh OMGGGG LEGIT WE AREEEEE THE SAME ILYSMMMMMM ðŸ’œðŸ’œðŸ’œðŸ’œðŸ’œ THANK YOU FOR COMING INTO MY â€¦ https // t . co / 5Yn0mnxRRH,,
positive,@ magicfmmumbai @ thegreatnext Saktiman my favourite because mere bachpan ka show hai i love it this show .,,
negative,@ anandk2012 @ RailMinIndia @ IRCTCofficial @ PiyushGoyalOffc @ anandk2012 Saale Gaandu khud porn dikhta hai aur dusre ko blame karta h ðŸ˜‚,,
negative,@ Gopal _ Raftaar @ MamataOfficial Abe sale tujhse jyada mere andar Desh bhakti hai dekh le sale mera tweet ... Tu jai â€¦ https // t . co / eVmQAf5TlJ,,
neutral,Panama Rani kbhi Dil mein Khouf-E-Khuda aya hy ??? @ MaryamNSharif https // t . co / 3zQDSYpLBT,,
neutral,@ ArvindKejriwal Sadji kisi ne bheja h apke liye https // t . co / 8zKPpflz7H,,
negative,@ SanaNaz50 @ look4rohit @ TarekFatah Inko pata hi nahi hai china ke kitne project pakistan ke sath chalrahe hain bech â€¦ https // t . co / gebV4C0Y3y,,
positive,@ klishtakara Yeh kya tha phir ?!! ... Hate ko consume karke bahar na nikalu aur self-sacrificingly bholenaath jaisa â€¦ https // t . co / 3lstIAqtbD,,
neutral,@ Geriiii __ the epidural doesn â€™ t hurt at all ðŸ˜‚ & i â€™ m terrified of needles lmao but okkk we â€™ ll see ðŸ˜‚,,
neutral,@ Keerthana1212 @ actorvijay @ pravishvj _ offl @ Prasannakrish5 @ Sathish _ Twtiz @ Mersal _ Rohit @ sivast3 @ VijayRanjitha2 Good morning pakki ðŸ¤—ðŸ’˜,,
negative,@ MajorPoonia @ MamataOfficial Pagla gayi hai ... Abhi to WB me ye natak band karana hai ... Didi ... Tumhare dada home â€¦ https // t . co / 1JoMHS9qhT,,
negative,@ ianishsharma @ SheerozWords @ AashuSpeak @ ImranKhanPTI Teri maa ki gaand hai kia dono tarf ? Sab ki maa ka bhosda hot â€¦ https // t . co / hBgF228LNI,,
negative,@ PidiBuster @ MamataOfficial Re Kya ho gya isko fit pad gya re isko koi juta sunghao mar jaygi nahi to bechari Didi â€¦ https // t . co / pIpha3jRRM,,
positive,An evening full of awards ! Congratulations and off course dher saara Celebration # IRF # Bajaateraho # BestNetwork â€¦ https // t . co / y4QYbDCWco,,
positive,RT @ narendramodi India is proud of all those brave men and women martyred in the line of duty Paid tributes to our brave soldiers at th â€¦,,
neutral,He Jaan Shaadi K Baad Apke Hath Kaat Dunga .. She Wo Q Jaan ? He Main Shaadi K Baad Apko Apne Hathon See Khana Khi â€¦ https // t . co / YHkmeAE86T,,
positive,@ HimeshMankad Bhai still DDPD is running in theatre with good occupancy & it will run till Bhart arrive So wait f â€¦ https // t co / yKUF0RH7nN,,
neutral,@ JayJadhav2108 @ Cricketician _ @ Ruchita __ 18 Kaun GF ? Kaha hai GF ?,,
neutral,@ TalatHussain12 Yahudi ko musalman protocol de Ho nahi sakta,,
neutral,# PledgeAgainstCorruption Good morning Sohne pyare Satguru ji ðŸŒ¹ðŸŒ¹ðŸŒ¹ðŸŒ¹ðŸŒ¹ðŸŒ¹ðŸŒ¹ðŸŒ¹ðŸŒ¹ Bless me pita ji ðŸ™ðŸ™ @ Gurmeetramrahim ji,,
neutral,@ sanjaynirupam Aap in sabdo ki jagah agar ye likhte ki modi g ka yah phesla swaagat yogya hai aur hm to chahte hai â€¦ https // t . co / es0jwwJE2r,,
negative,@ legendmusic193 @ ANI @ asadowaisi Kisi ki Baap ki jagir nhi @ legendmusic 193 uthaya aur chang kar diya virodh karne â€¦ https // t . co / qfWkDaXAHL,,
neutral,Ye to epic hai apne kartuton ki jimmedari irctc pe daal rhaa hai launda ehh ehh ehh ehh https // t co / duYCUYpjqg,,
negative,Bc abhi to Amit Shah ne Home ministry sambhali hai Pakistani abhi se shiver kar rahe !!! ðŸ˜‚ðŸ˜‚ðŸ˜‚ # PAKvWI # CWC19 # AmitShahHomeMinistry,,
negative,@ zartajgulwazir Sifarshi Hypocrite Nepotism at it best by typical patwaran Zameer ma jab patwarion wali harkata â€¦ https // t . co / W4DMeBip5g,,
neutral,@ ashokgehlot51 Sir Abki baar fir modi sarkar Aur ha sir ek baat aur aapko bata de jab tak modi ji hame 15 Lakh ru â€¦ https // tco / avTU8iSyYu,,
neutral,HAPPY BIRTHDAY Srinish Aravind - MY FILMY DUNIYA Help Line No . 08866681188 / 2288 / 3388 / 4488 Born 31 May 1943 (â€¦ https // t . co / rdCd8y9gbZ,,
positive,@ Mariam _ Jamali Nice one but logo filhal KK ki jaga Pakistan ka lagwa do . Pic is good,,
neutral,@ narendramodi @ AmitShah sir I am a blind supporter of BJP but not a dumb . I can sense the arrogance of BJP MLA in y â€¦ https // t . co / omK0pCQFjD,,
positive,Yoongi is so intellectual and woke I wish he had the chance to exhibit all that in his own songs sighhh,,
neutral,Jab Congress ke spokesperson TV debate me Battamiji karte the tab to unko nahi roka gaya ab haar ke baad jawab den â€¦ https // t co / bhduG3IJlY,,
neutral,@ kamaalrkhan mr khan still what you are doing on twitter as well as in India ? You challenged on twitter on 27th A â€¦ https // t . co / mryY2ggER2,,
negative,@ shreytiwari7 @ Rajatpraja1234 @ Nitinbhansali @ priyankagandhi Lekin tumhe matlb ki baat isliye pta nhi chlti kyoki t â€¦ https // tco / KM0qSfpcVF,,
neutral,Sir aap ki favret teme konsa he is warld cup me kya englend wald cup jit sakta he # SachinOpensAgain,,
positive,RT @ Saurabhsuperman @_ ravidubey Ravi I watched Kudiye Ni and I am so jealous of you . She is so beautiful . Well Stay blessed . Lots of love to â€¦,,
negative,@ ArvindKejriwal @ KejriwalSunita @ msisodia Arvind ji apko sharm mehsus Nahi Hoti har bat k liye ap Modi ji ko blame â€¦ https // t co / w8CgtqBrFp,,
negative,@ SwetaSinghAT 30000 se jayada BJP fake WhatsApp and websites advertiser's heir karke rakhe hai Hut Modi tujse ye ummid na thi,,
neutral,@ narendramodi bas ek bar like kar do tweet man khush ho jayega subah se udas baitha hu mobile gum gaya . https // t . co / GBTe41FGu3,,
negative,RT @ adil24 @ NetflixIndia chup kar warna aankhon ki laser se teko jala dunga sala # SacredGames ki date nai bata raha hai,,
negative,@ bts _ outtalented @ sakshi _ 995 Tbh she is not telling them to do or not to do anything . she just found it disrespect â€¦ https // t . co / glDPJQNBPJ,,
neutral,@ OfficeOfKNath Sir kya apka sharkar aane ke bad bhi muslim safe nhi hain madhay pardesh me . 23may ko jo video aaya â€¦ https // t . co / USKmtlUQBG,,
neutral,@ Manzoorjakhro2 @ TigerShroff _ FC @ iTIGERSHROFFML @ iTIGERSHROFF Sid ki flop movie count Kar le pehele Tera Sid biggest flop,,
negative,@ SaadTar53111786 Bete teri gnd me jarur de dunga bhenchod osama ki aulad teri maa ki gnd me roz hafeez azhar dn â€¦ https // t co / TTbfcFSkrO,,
neutral,@ er0rr420 @ Sanjeev40330782 @ Prateik9807 @ JoharHussaiin @ MehranMarri @ TarekFatah @ narendramodi @ BJP4India â€¦ https // t . co / T4744zdqp7,,
neutral,@ PramodRNkumar Lines ðŸ™ŒðŸ™Œ Jab koi sach bole to sab kehne lgte h we live in secular country huminity sabse aage .â€¦ https // t . co / ZWVHIIleOF,,
negative,RT @ botticellibb not to hurt anyone â€™ s feelings but if u think missionary sex is inherently boring and bad you â€™ re fucking ppl u don â€™ t like,,
positive,Good Morning God Sant Dr . @ Gurmeetramrahim singh ji insan ðŸ™ðŸ™ please bless me & my family for more & more sewa simra â€¦ https // t . co / qeMFDHS0Oo,,
negative,@ chitraaum @ aajtak Jo bjp ke saath nahi woh atankwadi h aour jo hindu RSS ke saath nahi woh deshdrohi hai aaj kal b â€¦ https // t . co / uey5QzvEZu,,
neutral,Aise barish se dosti a66i nahi maaraz tere khud ka gar mitti ka h Ku6 to khyal kar Tera intzar har koi nahi karega â€¦ https // t . co / VnzralLxAe,,
neutral,@ sambhashan _ in @ Satyend71267811 @ UmeshKu57660152 Aaap ki baate kabhi v galat nahi hai . ðŸ™ðŸ™ðŸ™ðŸ™ðŸ™ðŸ™ðŸ™ðŸ™,,
neutral,RT @ alanna _ davi @ tora _ cyrrell HAHAHA this is so me,,
positive,RT @ insan2318 ðŸ’• Good morning my almighty @ Gurmeetramrahim papa ji ðŸ’• ðŸŒ¹ Plz bless me more sewa sumiran parmarth ka bal ðŸ’ª bakhsh â€¦,,
negative,@ raman _ bajpai Results are out I think aapke autocorrect ne Congress ko bjp se replace kr diya,,
negative,@ pankhuripathak Bechare Cong Dalal hub bhik mangne ki layak bi nayi choda Desh ke public . # italian corruption party Rahul fakegandhi,,
negative,Mere # Desh ki # democracy aisi hai jaha # Bharosa to bht hai # sarkar par Lekin # kam dikhte nahi .. Ya to sarkar ki â€¦ https // t . co / RV6npBqsQ6,,
negative,RT SRKxPREDATOR SahilAhmed44 Abe laudu kise pagal bnara hai Saaale D4 ki news ye fan dega terko ? Isse achha to ek fake account bnakr khu â€¦,,
positive,RT @ zainiii _ says if you are reading this may All Ä h ï·» give you strong Imaan and answer your silent prayer Jumma Mubarak ðŸŒ¸ â¤,,
negative,RT @ Che _ SinebyCos I'm bhand and the only tension right now is ki Hostel waapas ke rastey me ek madarchod kutta hai jo saala kaatne ko daud â€¦,,
positive,RT @ SonyTV RT if you agree @ TheShilpaShetty it was a Super Se Bahut Bahut Upar Performance . # SuperDancerChapter3 https // t . co / 5gebx6qT4C,,
negative,@ MaryamNSharif Hamare ilaqe mein to Ayub or Zia k bad koi naya hospital nei bana . Jo hain unki bhi halat khasta hi â€¦ https // t . co / FqPZOsL9zI,,
negative,@ villageboy _ ind @ abhisar _ sharma Hum tumhari tarah sadko par nikal kar chillate nahin pagalo ki tarah Tum saale chh â€¦ https // t co / 5RPnt8ApHA,,
negative,@ Atif _ PPP @ arsched Kion ye tumhari behen lay k bhag gaya hay salay barway,,
positive,@ narendramodi hi sir apko dil se ekbar namaste apka big fan hu hum bajrangi dal me samil hone k lie utsuk hu aur me â€¦ https // t . co / QiQgsGVLn9,,
neutral,@ ndtv No one jobless only congresi and Rahul Gandhi is job less all are doing there job koi bhukha nahi sota a â€¦ https // t co / x2ESgb5Vjk,,
neutral,@ atghosh @ ZeeNewsHindi I don't understand what does he mean by ' surakshit nahi hain '?? Is he not getting electricit â€¦ https // t . co / Kb4GfDqMCB,,
negative,@ bprerna Librandu sirf hindu dharm ke baare mai hi kutte ki tarah bhoukkar sakte hai .... Kyoki inko pata hai ki isl â€¦ https // t . co / CTd63Pcn8J,,
negative,@ tvsmotorcompany Company doesn't have any separate kit for non abs Apache ? Bad news disappointed Not even a year â€¦ https // t . co / BqWJDcSieP,,
positive,Hardik badhai ho modi ji https // t co / uzokq9V7gq,,
positive,amit bhai aapko bhut bhut badhai aur subhkamnaye youtube par 15 milions subscribers hone par aap ese hi tarakki krt â€¦ https // t . co / 3mt7Q4Yfyt,,
negative,RT @ AliRazaTweets This is not parliamentarian norm . Leaders do not shout in NA . They listen when others talk . It confirms that Bilawal Zar â€¦,,
negative,@ Iamben27 @ mani _ 410 Bhai unke batting me problem . Bowling toh unki without STEYN bhi utni hi dangerous hai .,,
positive,@ bismal85 Wahh bhar kitni excitement hai .. Subhan'Allah ðŸ˜‹,,
negative,My Brother in Law explaining me how Pakistain is just reliving the 92 world cup . He yar 92 mein WI is Pakistan p â€¦ https // t . co / Rzdj4216GP,,
neutral,@ Lewysko @ hcslovanba Mna by celkom zaujimalo Ä i ten nov Ã½ â€œ sponzor â€ bol ten ktor Ã½ m sa oh Ã¡Åˆ al Stefl,,
positive,Happiest bday to my all time fav Asli sona @ sonakshisinha many many happy returns of the day . Ap jio hajaro sal Lo â€¦ https // t . co / yBSNp7XuD4,,
neutral,@ AlinaAdyl Nah its wrong jhoot ni bolo hamain na garmi na sardi chahiyai ðŸ˜’ðŸ˜’ Moderate temperature is best jeisay ki aj kal Quetta mai hai ðŸ’™ðŸ˜‚,,
negative,@ rssurjewala Surjewala ji ek ladki rep hua ye boliye dalit ladki ka hua ye Kya jatigat rajneet krna chid dijey nahi â€¦ https // t co / sIlFcwzZF3,,
negative,@ SaraYadavSp Ye vo Randi hai Jo din mein 50 ka land leti hai aur sun Randi ki paidaish Jo kisi ko nich bole vo apni â€¦ https // t co / sE6Jn2WZU4,,
neutral,@ iffrahK Hahhaha i am feeling the same shit !!! Let â€™ s hope God has something better planned for us !!!,,
positive,@ bodyguardguru @ GuruOfficial Mere Prince ki Swagat bilkul aaisa hi hona chahiye Love you my cute Guru ðŸ˜˜ðŸ˜˜ðŸ˜˜ðŸ˜˜ â€¦ https // t co / oPzrbd8AOD,,
positive,@ WhoSunilGrover Mere bhaijan ki movie or India ke sultan ki movie only bharat,,
positive,@ megalotrash HOOOOO SHIT TWASHYYYYYYYYY you did such as good job ! And the feather boa looks amazing ! So good <3333,,
neutral,RT @ induvishnoi57 Jai Bajrang Bali ðŸ™ðŸ™ðŸŒºðŸƒðŸŒº Shubh prabhat vandan pyare dosto ðŸŒºðŸŒºðŸŒºðŸŒºðŸŒºðŸŒºðŸŒºðŸŒºðŸŒºðŸŒºðŸŒºðŸŒº https // t . co / V4cJWoGJ42,,
negative,@ nadeemNBT ji Maine wo din hi kaha tha na aapse BJP Ko Anya pichda jaati ka dalit aur Yadav ka chor ke bohot backup â€¦ https // t . co / 6FRg6Gt7u7,,
neutral,@ PMOIndia @ narendramodi Apko second tirm bahoot bahoot mubarak ho ummeed hai aap desh k har warg ko sath le Ke chal â€¦ https // t . co / 69VvEim67B,,
positive,RT @ Chetan12061979 @ ANI # VijayiBharat # ModiSarkar2 # ModiSwearingIn Heartiest Congratulations to our Honourable PM Shree Modi ji for Swea â€¦,,
negative,# Modi Phone Tak Nahi Uthate Nalayak @ ImranKhanPTI Ka Darr Hai Unhe Ki Kahi Ye Humse Paise Na Maang Le - Maryam Naw â€¦ https // t . co / x8y17Du9tx,,
positive,RT @ BcsdYss Youth Summit 2019! Thank u â¦â¦@ KingmakersO â© for sending Baayan Bakari as our guest speaker ! Thank u to all workshop presenters !â€¦,,
negative,@ TarekFatah MADAR CHODE DAGGAR DALLE jab teri maa ke yarun ne ARMY CAP pehni thee tab tere munh kisi SUWAR ne DA â€¦ https // t . co / q4MOKm1UFl,,
neutral,@ HardikPatel _ BCCM sala net chalavana rupia kyathi lave chhe Berojgar ni ma fads,,
neutral,@ MahimaShastri @ sagarikaghose Kisko padhane ki koshish kar Rahi ho behan yeh # KhanMarketGang nahi sudhar sakte â€¦ https // t co / a03I0JyeMi,,
neutral,Chiller man giving big jhtka # NSEcoloScam has made it a laughing stock @ firstpost @ aajtak @ anjanaomkashyap https // t . co / HLOCU0zKQJ,,
negative,@ itahasafdar They didn't even put that effort to win . Niyat hi nahi thi Disappointment,,
positive,@ narendramodi Jai hind Bharat mata ki jai congratulations sheer narendra damodar das modi ji im very happy 5 years â€¦ https // t . co / XAiBtMDLeE,,
negative,It's quite sad that to even construct ram mandir at ram janambhoomi in ayodhya we need to knock the doors of court â€¦ https // t . co / zJsMStA1Ad,,
neutral,RT @ Akkaji2 @ ashokepandit @ ShefVaidya @ AnupamPKher @ imbhandarkar @ vivekagnihotri Ã‡ haar ne Chalis ki phaad ditta . . . Where is the Gang t â€¦,,
neutral,@ RanaAyyub Samaj Sakte hain bahut dard hora hoga par aadat daallo Kyun Ki Baar Baar Modi Sarkar ðŸš©... https // t . co / ExANVB7Ps0,,
neutral,@ SAMBIT _ PATRAg @ DrKumarVishwas @ mlkhattar Haarne ke gum se bahar nikaliye aur Hindu Muslim ke beach nafraat bona ba â€¦ https // t . co / ARSmq2ZBDR,,
negative,RT @ VijaySh38453245 @ dr _ shrikant003 Very nice Pakistan Bhukha nanga hai,,
positive,@ Fairyland _ girlz I have lived that experience sam ... kya batau ... best experience ever ðŸ˜­ðŸ˜­ðŸ˜­ðŸ˜­ seriously .. bhot bhot acha h show,,
neutral,@ Ihatemorons @ MariaMalik36 Hum shayed pyare to nahi magar humare bhi 1K howe or koi bhi congrats nahi bola ðŸ˜„,,
neutral,Sahi Salah hai bipakh ke liye darhi topi lagake nakli mullah Ko paisa deke Islam ka jaankar batake Muslim r Islam k â€¦ https // t co / g5Sb0lx2jJ,,
negative,@ singharti411 Hogi bhi nahi ... @ ArvindKejriwal Jo congress k khilaaf ladke Delhi ki kursi liya ... jo apne bhaasan me â€¦ https // t . co / bTSPTGrKoh,,
neutral,RT @ CAUCLaim í•œêµ­ ëŒ„ìŠ¤ëŸ¬ì‹œ íŒ€ ì•½ìž AP Away from Pepsi AIM Alchohol Is Mine ELPY ELegant Play ' one Year ' SSR Super Super Rare SC ì œì¼ì€í–‰,,
positive,@ SouthernNaiad @ MarthaTheZealot aw it â€™ s cute tho so who cares why haha,,
negative,@ pbhushan1 Tum jaise C .... Ko mandate nahi samajh aayega . Dalla of Indian Jurisdiction .,,
neutral,@ PiyushGoyal we voted modi jee for corruption free administration but you are unable to curb such malpractice durin â€¦ https // t . co / 9p2zpcbUty,,
neutral,Dragon Quest is my favorite game series and seeing so many people shit on it friends included hurts my heart dude !,,
negative,@ RahulGandhi Next time Sala Hume Bjp ko vote nahi Dena Kyo ki Bjp sirf rajput aur pandito ki party h usko Kya malum â€¦ https // t co / Wj0NAj5Dop,,
neutral,Jam kamal ki Eid k bad waise bhi chutti honi hain . or isy waja se horahi hai k is ne collective partner's ko ignore â€¦ https // t . co / dP4ROkEKhb,,
positive,@ its _ mahi01 Kaafi acha talent h pr mujhe bhe sikhna h !!,,
negative,@ ManaalMushtaq Ya tou BC apne baiton ki tarbiyyat achi krlo ya uss ko USSI KI JESI AURAT la kr do STOP EXPLOITING â€¦ https // t . co / V9NfwsEUmS,,
positive,Weldone by Army chief salam ho apko or Pak army ko kash aese faisly civilian govt me bi hothy billions ka fraud kar â€¦ https // t co / 1ev9FM9Bzo,,
positive,Abki bar jalsa or sandar Bahut Bahut subhkamnaye Maniey P . M Modi ji https // t . co / PYDHDSVX9Y,,
positive,RT @ ChaudhryShankar Congrats Shri Gajendra Singh Shekhawat Ji on taking charge as the Minister for Jal Shakti . My best wishes for a succes â€¦,,
negative,Fake hi fake sab taraf upar se niche tak Fake ... Fake IPS officer who was a motivational speaker and a social med â€¦ https // t . co / t54bB0LIsT,,
positive,@ dbinea @ M _ Asingwire Haha ðŸ˜‚ era gwe kale no one can decive you about the future you already see the future ðŸ˜‚ðŸ˜‚ðŸ˜‚ðŸ˜‚,,
neutral,@ Ritushu71866554 Riste koi bhi ho hmesa ke liye nhi hote .... apne maa papa ke btaye hue rasto pe chalo ... achhi bno u â€¦ https // t . co / 1pb09YJjZp,,
neutral,This is call a proper squad training yappi but sorry live nahi kr paya q ki net khatm ho gya yaro,,
neutral,@ BBCHindi 2019 me BJP ko wb me bahumat nahi mila isliye Tmc ke MLA ko BJP khareed rahi hai,,
neutral,Mai to khush hota hoon . Daikha kisi ka dil dukhaya Or mil gaee saza isi duniya mai . Joke aside everyone created by â€¦ https // t . co / BAlQ5PF8tH,,
positive,Assalamu ' alaikum warahmatullahi wabarakatuh . To all my sweet followers I love â¤ you all . June 01 2019 at 0600AM https // t . co / USM8u0vbZI,,
negative,@ atifthepoet @ UmarCheema1 Aur bohat acha hua k khan agaya warna is Pakistan ko in haramion ne bech k London aur Dubai nikal Jana tha,,
neutral,@ SchakrabartiEP @ santosh _ padala @ glen _ bug @ jaykoneru @ TimLarsen1 @ KennethEllenbo1 @ BiosenseWebster @ josoriomd Well â€¦ https // t co / v2WdYveusV,,
neutral,@ narendramodi Ji @ dasraghubar ji @ rajsinhabjp ji modi ji ke aane se umid jagi hai or but priwet job karta hu 10ho â€¦ https // t . co / wo9khBtx4D,,
positive,RT @ Aarishsheikh10 @ CuteFatiima Zarori Nhi Jo Pyr Kre Usse Hi Mohabbat Ho Kbhi kbhi dil todne walo se bhi mohabbat Kamal Ki Hoti Hai âœï¸âœï¸â˜,,
neutral,@ dreamsheikh @ Shining __ star77 She don't like him she like you know what I mean ðŸ˜œ jisko samaj aagaya like maaro aur â€¦ https // t . co / kVrHTRf6wL,,
neutral,@ falamb3 @ Maria _ Memon Taubaa itnay veley log hain jo is py b issue create kr rhy ðŸ¤¦â€â™€ï¸ðŸ¤¦â€â™€ï¸ Kch ni ho skta is mulq ka ...,,
negative,@ bhaktriot Sach to ye hai ki Hindu hi shikar hote aaye Hain ab tk ... Per ab nhi hone denge jitni awaaz buland Kar â€¦ https // t . co / 1MDGa5ElOx,,
neutral,@ abhivatsal1 Yadi dhara 370 35 A par Kuch Nahi Kiya to bahut a66a Nahi Hoga 2024 BJP ke liy RajyaSabha me bahumat Bhi Nahi hai,,
neutral,Wo Residency Road ki shopping Wo Purani Mandi ki Mastiya kabhi Lambu ke Goll Gappe Kabhi Pahalwan ki Mithas â€¦ https // t . co / SeKr8HWF6O,,
positive,RT @ armyindonesiaa2 Lagu yang dinyanyikan saat Soundcheck Wembley Concert hari ini adalah - Best of Me - Mic Drop - Fake Love Masih ter â€¦,,
positive,@ HYUN7lN saf baby (( i â€™ m sorry i wasn â€™ t online i hope you â€™ re sleeping well though i love you,,
neutral,@ Longterm _ wealth @ naman84 Saap bhi mar gaya aur lathi bhi nahi tuti,,
neutral,RT @ VishnubhaiRami1 @ sawalaramparmar @ narendramodi @ DrKumarVishwas @ MamataOfficial Good morning and Jay Mali samaj,,
negative,Vontade de ouvir uns modao com o @ Moscal _ e chorar na sala,,
negative,@ Rabia366 Oye ja kam kar ... yeh foj ke waja se he mulk bacha hua hy warna tum bhi afghani aurton ke tarah hath uper â€¦ https // t . co / NYJ2x8arwo,,
neutral,@ sanjaynirupam Sir hmko India ko Pakistan NHi bana jha .. sarkar ki bjha se 200rs = 1 dol .. jitna sahi he bo sarkar â€¦ https // t . co / rb8uiqvhld,,
positive,@ RssKanishk @ ShwetaM78500400 Ssahi baat ... n love jehad me barbad hui ladkiyon ko samaj k taraf se v koi help kavi â€¦ https // t . co / bBfwTufDOK,,
positive,@ PMOIndia Congratulations PM sir ji Apko loksabha election me parchand jeet ki hardik subhkamnaye Aapke natartav m â€¦ https // t co / JI4BIKmIlq,,
negative,@ Rabiaa _ here ghr waly chor deny hen life style badal lena hai lekin Thori minnatain nahi krni Ego hurt hoti he maharaaniyon ki !,,
neutral,@ Wolf110008538 @ AskAnshul Merut me Jashn Mnane Pe Jise Mara gya Mullo Ne Wo Hindu tha Delhi me BeTi Ko Bchane â€¦ https // t co / MWnOmnVnoy,,
neutral,Feel ko this is a year of laag for me ðŸ˜‚ love u 2019 ðŸ˜ŠðŸ˜‡,,
neutral,@ SHABAZGIL Shukar hai ye pathan nae warna # PTM nay is pr b wae dramay krnay thay In ki harkato ki waja say bht jal â€¦ https // t co / u7k1EUYpk3,,
neutral,@ sardanarohit ' Abhivyakti ki azadi'ka matalab pehlay khud samjho sardana ab ye bhi bhol chukay chatukarita kartay k â€¦ https // t . co / 0RdCyd9JFC,,
neutral,RT @ saint _ vn ðŸ‘‰ https // t . co / vJHuZd9Pjs It's MV for Have Just Know let's stream for our KissBoys . MV is so fresh and we have rapper Sa â€¦,,
positive,WALAIKUM ASSALAM SUBHA B KHAIR ZINDAGI KHUSH KHURRAM RAHAIN ZINDAGI BHAR DEAR SWEET SISTER GOOD LUCK GOD BLESS YOU â€¦ https // t . co / Hfy0ffkSTm,,
negative,@ Shoaib _ Jatt Abhi yeh sb baatein nhe krni chahye Pakistan ka imafe kharab horha hai kuch aqal se Kam Len @ shoaib100mph,,
positive,RT @ D _ Luckiest Happy # BrothersDay to You MSG Bhai ðŸ˜ You are a Big Security to me â¤ Thankyou 4 being my Bestest Caring and Bravest Brother â€¦,,
positive,@ BeingSalmanKhan bhabhi ke sang bhaiya .. wow ... looking nice jodi .. made in heaven ..,,
positive,Shukar h Dateya Tera Shukar h @ Gurmeetramrahim Mehar bnayi rkhi My cute bro hua h maama ji k ghar pe mehar krna â€¦ https // t . co / WQWLAsPSS2,,
positive,@ NoorFat78862153 Picture par effect bhe boohat lag jata ha ajj kal,,
positive,Canny believe av been this excited for my new car n Now a don â€™ t want it ðŸ™‚ this is going to be fun telling them am patching it ðŸ™‚ðŸ™‚ðŸ™‚,,
neutral,# Askstar Ajinkya Rahane is more effective at no 4 in World cup ? # WorldCup2019,,
negative,Gaanv walo ye jo devil h na @ Devil __ 017 iski wajah se Mai Deactivate kr rhi ðŸ’”ðŸ˜’ðŸ˜­ðŸ˜­ Maaf mat krna isko,,
positive,RT @ sagarkumar3537 # UnlockYourInnerPower @ Gurmeetramrahim Good evening guru g Bless us for Sewa Simran and Parmarth Make us perfect Dh â€¦,,
positive,@ SakhtDil _ Krati Nhi re ðŸ˜¨ But mast acting krta banda ... Great personality ... Aur Balika Vadhu ki jitni trp thi kisi â€¦ https // t . co / VWQmDigjJa,,
neutral,"* Golden Words * Har Lafz me "" Matlab "" hota hy Aur har "" Matlab "" me farq hota hy Zindagi me 2 cheezen totny ke liye â€¦ https // tco / teBJq35szT",,
neutral,Congressiyo ka kch na hoga beda gark hai in sbka ab km se km 5 saal aur ðŸ˜‚ðŸ˜‚ðŸ˜ðŸ˜ðŸ˜ðŸ˜ # abkiBaarModiSarkar https // tco / ufdW2vBYEK,,
positive,@ waglenikhil Nikhil apke hisab se jisko 100 %Â© vote mile wahi PM hona chahiye bhai yahan democracy hai koe Rajtantra â€¦ https // t co / 2TDmbKfzLV,,
neutral,@ aajtak kisne kiya band kab kiya bank kyu nh le rahi h sikke shopkeepers se yrrr plssssssss do something yeh Baat govt tak forward karo,,
neutral,@ ANI Har cheez ke liye modi hi hi zimedaar hai puri baat likho koi pagal nahi hai jo tujhe marega apni galti bhi ba â€¦ https // t . co / qo0Xe602zA,,
negative,Baimaan tera Ajay Singh Cheating baaj Teri Airlines Saale Chutiya banane ke liye Baithe ho Jakar Station me Bhi â€¦ https // t co / BG2HpIjJ9j,,
neutral,@ beula _ pandu @ UrvashiJaiswal7 @ Friendly _ bini @ justvoot Hey don't be sad you know ' CHINA KA MAAL ' is not ' Tikau ' an â€¦ https // t co / S34nEAgssY,,
neutral,Dhara kub hatega ? What r u waiting for ? Kisi ne ullu banaya lagta hai . Mera aur mk ka koi divorse case file nhi h â€¦ https // t . co / nJC8KxJoDN,,
negative,@ aajtak Salo mullo ko adha Hindustan donge to b kadvi batei hi karenge .. Sale dogle .. Kabhi kabhi lagta hai ki unka â€¦ https // t . co / ktfpcvyVUL,,
positive,@ asra _ dar Aziz miyan Thank you very much for RT & liking my poetry your appreciation boosts my zeal & motivate me â€¦ https // t . co / hhP2DSthac,,
positive,Pranam sir . Proud of You ðŸ™ https // t . co / JAMYkz4AeV,,
positive,OR I WISH VERY AND VERY HAPPY AND BLESSED # RAMADAN OR # RAMJAAN MONTH TO INDIAN NATIONAL CONGRESS PRESIDENT SHRI â€¦ https // t . co / iLZ0nx9yPk,,
negative,@ aajtak tu aaj wake kitna juuth bole Gye .... Modi g ma dd newz dekh rahe thi tum kyu aapna samey Baja rahe the .. https // t . co / Bc77YA34BF,,
positive,@ Nationalist _ Om @ sonu86844114 Bilkul Theek Bole Bhai,,
positive,RT @ sallukhanbeing Retweet FOr This KING 5 Din Intizar K Baad RAAJ Ho Ga Bollywood Py SALMAN KHAN KA # BHARATIn5Days https // t . co / Ntg8OJOa3g,,
negative,@ WeUttarPradesh @ bareillypolice @ Uppolice Maarne wale kahaan se Aastha k Prateek lag rahe hain . Gunde hain ye .. or kuch nahi .. Shame on them .,,
neutral,@ Wilkin _ Tech Eagerly waiting to invest long term . Bahut hua Maruti ka naam ab har shaam M & M ke naam,,
neutral,Ha ha ha bapu zinda ho gaye https // t co / wV6gD2GFVW,,
neutral,@ musman109 Mai to pehle se hai manta hu jyada nahi 5-8% vote opposition ka udhar kiya hoga baaki logo ne modi ke na â€¦ https // t . co / pa7a28NiKg,,
positive,Mai Kafir kiso ko bolta hi nahi na mainay abtak bola jab tak kisi Mufti ka fatwa na ho Tum logon ki tarah th â€¦ https // t co / WeAUyzkH11,,
negative,RT @ FreeBuluchistan @ HinaKharaI @ azadbaluch999 @ mjdawar @ ImranKhanPTI @ peaceforchange Tumari ponjabi foj sharafat ki zuban nhi samajti hai,,
positive,@ maliniawasthi @ richaanirudh Ma'am aap ki smile ko copyright kar dijiye . It gives immense happiness seeing your smile .,,
neutral,@ anjanaomkashyap Madam tab wo Kisi BHI party Mai Tod fod Kar sarkar Nahi banana chahte the lakin aaj BJP sirf d â€¦ https // t co / bjcx5B6cqN,,
positive,@ samratsaleem @ bjp _ ka1 _ virodhi Ullu hai kya vipach ka matlab hi nahi maloom Vipch ka darja modi ne diya Hi nahi ye â€¦ https // t . co / ohgoCAaM1J,,
negative,Bsdk sharm he tuje bhade ka anti indian had he bc IPL ka fever utra nahi abhi Tak Kya https // t . co / c0bfB1G1tB,,
positive,RT @ iempress _ 1 ðŸ“£ INDIA's GEN NEXT WANTS MODI â¤´ Unarguably NAMO Commands Immense Good Will amongst IND's Youth â¤´ Youth connect way better w â€¦,,
positive,@ Shaheer _ S Aap se inspire hokar Mr Dixit I wrote my first shayari ! I dedicate this shayari to you Abir ! Aapki yeh â€¦ https // t co / E6ou8pCKd7,,
positive,@ PPBhaishri @ narendramodi Bahut sundar Great job Ashirwad Hamari hardik shubhkamnaye Ishwar sadaiv krapa banaye rak â€¦ https // t . co / IhdnMFC4DO,,
positive,@ guptamayank35 @ rssurjewala gupta ji election khatam ho gaye hain Pakistan ko jeene do . Un becharon ke L unhi ke lo â€¦ https // t . co / VEqERdawrk,,
neutral,@ IrshadBhatti336 Jo hospitals ka pesa metro bnane main laga kr gae ðŸ˜«,,
positive,JAHA B JAO HAR TARAF BHARAT HI BHARAT HAI Is Dafa ALL Time Blockbuster Ka TAG Lagna Chahiye Or INSHAALLAH Lgy Ga .â€¦ https // t . co / 0NP8ybbx5s,,
positive,Aapka charitra hum sabke lite adarsh nav Bharat ki or koti koti naman https // t co / zCOmAggZP0,,
neutral,RT @ EstherObiwuru I'm a visual artist . This is one of my recent works . I'm new on Twitter . Show me around ðŸ˜Š Please help RT ! https // t . co /â€¦,,
negative,@ shivajiku000001 @ ashutosh83B @ SureshChavhanke @ aasmakhan _ khan @ iamspeaks _ Saale kmine .... Ab kaha h owasi,,
neutral,@ rssurjewala @ INCIndia Abhi to BJP Ko 303 aaye hai congress wale sadme me chal gaye 2024 me jab BJP 400+ aayege to â€¦ https // t co / CozW2rtVEU,,
negative,Ran into your brother tonight man ... hes doing well for himself and his family . He â€™ s moving to Oklahoma can you bel â€¦ https // t . co / kfgwtD2XaG,,
neutral,@ ayeshaijazkhan ðŸ¤— Peak of innocence .. Believe me sometimes i miss my childhood very badly .. No nasha no corruptio â€¦ https // t . co / fWCbCqBPwh,,
positive,@ iiscoDisco Jhoot nahi bol raha yay apni mahnat say PM bana hai or jab ap khud kisi Cheez ko experience kartay ho t â€¦ https // t . co / hkLSUc9hCx,,
positive,@ narendramodi aadarniy PM JI aapko dobara PM bnane ki bhut bhut badhai !! Meri aapse hath jodkr binti h ki desh me â€¦ https // t . co / CzfKP99fWY,,
neutral,Iss advice pe dhyaan nahi dena hai boys . Ghabrana nahi hai . https // t . co / ZVMOEU78Dv,,
negative,Pagal he saala Pakistan ka sirf aik stoon he or voh he ARMY not even Air force and NAVY https // t co / 0oylSUmxHj,,
negative,@ Ashishray89 @ vivekoberoi Log kaise hein ... Bandey ko openly free vote nahi dete aur itna paisa deke PVR mein mvi d â€¦ https // t . co / nE9ONNmNnC,,
positive,De de pyaar de . Superbly made film . A Refreshing take on Love Triangles . @ ajaydevgn @ Rakulpreet Tabu â€¦ https // t . co / bnPHUwEgqX,,
positive,Aaj humare respacted pm ji ki shapath grahan karne par pure desh ko badhai hume pm sir se kafi expectation hai they will improve our country,,
negative,@ RahulGandhi Aaj kal aap congress party ka mood pata nhi kr rahe hai . Phele toh bhaut krte thay . 303 ka tamacha kai â€¦ https // t . co / u6oIFpFfkx,,
positive,Happy birthday mammy RIP miss u lots yes ðŸ˜” https // t co / dRoSDrapiX,,
negative,@ LambaAlka Yar Lamba ji Ko mahatav ham log de rahe hai inko reply or like karna band kar do ye apne ap hi Sahi ho â€¦ https // t . co / jiEZK4MllE,,
negative,@ Irshadbhatti36 TOO WAQIE BOHT BRA HARAAMI HI NAHI BUL K WALDO ZINAA KI PAIDAWAAR HAI - TERI MAAN BHI TANGG TH â€¦ https // t . co / W8oaij1jhU,,
negative,@919977012012 @ yasser _ riyaz @ dXqPQSMiQU8TzTJ @ afreenk007 @ SanjeevYadav _ IN @ dmb _ gujarat Inhone khudne quran nahi padhi,,
positive,@ Payal _ Rohatgi @ SengarAjay505 Proud day for us . Modiji is back . Thanks for your effots . I can feel the joy in your â€¦ https // t . co / sgWMvjeSMe,,
negative,@ baati _ chokha Restaurants kholne ka mtlb koi sense of responsibility ni haikharab khana dete hai customers ko,,
positive,@ narendramodi congratulations ðŸŽŠ ðŸ’ sir Ye hamari khush kismati hai ki mai aapke yug me janm lia Or aapko as PM â€¦ https // t co / y0vFjyH5NZ,,
positive,@ nitin _ gadkari sir Pali dist . me Marwar jn . tahsil ke gavo me sadak ki halat bahut hi kharab ho chuki hai krupya aap Vishesh Dhyan deve sir .,,
negative,@ aajtak Laanat hai aisi sunami pe ki khud banaras ki seat bhi nhi bcha paaye feku chor modi ji sunami me sb uda le â€¦ https // t co / kE18QgxMEb,,
neutral,RT @ dapxstar i hate it when people think that i am being papansin on socmed just bc of posting / sharing stuffs that are funny for me and /â€¦,,
positive,@ byadavbjp @ narendramodi mera bharat desh jaat paat se mukt yahi sangharsh desh ka vikas aur vishwas vikas ghar gha â€¦ https // t co / cyDNr2OLXD,,
neutral,Monirul Islam ko parti Se bahar nikalo warna BJP west bengal me bagawat ho jaiga https // t co / z8TQynL7tD,,
negative,@ Faranshakeels @ DaaruBaazMehta cause people want modi they want hindu rashtra . Padhai likhai karne se kya hoga ? c â€¦ https // t . co / UJUD94VlCv,,
neutral,@ GhaffarDawnNews Bangladesh agr jeeta to Pakistan k top 4 main any k chance bohat kam ho jany hain,,
negative,Tangled Kittu bahut badmaash hai . Koi faayeda nahi iska mba karke . Paisa duba di sab . Bahut badmaash ladki hai . Kha â€¦ https // t . co / IwongLsEOW,,
positive,RT @ JusticeKarthik Beautiful Composition !! Amazing rendition !! Loved this beautiful track !! Really You are Incredible Artist Miss @ jonit â€¦,,
positive,RT @ Captaindksingh Col RSN Singh Veteran Army officer & Fmr RAW officer VANDE MATRAM Jai Ho n Jai Hind If we look for d gd in our life T â€¦,,
neutral,Khanmarket Gang's propaganda like Atalji Good Advani Bad Advani Good Modi Bad Modi â€¦ https // t . co / DCia4osisz,,
neutral,@ Vdhillaa boleeh !! syaratnya rt dan like ðŸ’•ðŸ’• good luck yaa !,,
positive,@ nitin _ gadkari Sir badhai ho Sir Agra ke meyar ko smjhao kuch kare .... Modiji Raj is ..... RAMRAJ .... BUT ... https // t . co / 4KbUGTe0Nu,,
neutral,@ LemonTea123 _ Are aaj quantity of tweets zyaada thi isliye nahi dekhe hoge,,
positive,KHILA KAMAL MODI KE SUPER SUNAMI ME URE KUNBA âœŒï¸âœŒï¸âœŒï¸âœŒï¸âœŒï¸âœŒï¸âœŒï¸âœŒï¸âœŒï¸âœŒï¸âœŒï¸âœŒï¸âœŒï¸âœŒï¸âœŒï¸âœŒï¸âœŒï¸âœŒï¸âœŒï¸âœŒï¸âœŒï¸âœŒï¸âœŒï¸âœŒï¸âœŒï¸âœŒï¸âœŒï¸ https // t . co / 5ep9k3toLJ,,
positive,Congratulations to my son Eric and Nova High â€™ s graduating c / o 2019! You made it just like I knew you would ! Congrat â€¦ https // t . co / GJ0u1eOiRb,,
positive,# ValueTime _ ValueLife @ Gurmeetramrahim Good night guru g . Give us ur blessings 2 do more nd more Sewa Simran and P â€¦ https // t . co / IhB1UGOC9H,,
positive,@ emir _ izzat Get well soon jat selamat hari raya Aku maafkan semua salah kau jat Semoga tenang ye ? ðŸ˜Œ,,
positive,@_ inidnan I say Delhi They hear tu Janta nahi mera Baap kaun hai,,
negative,@ timesofindia Chit Kay daadi mien tinka ( hope I got it right ),,
neutral,RT @ PankajK82545526 @ smritiirani @ narendramodi Ye hi to he sabka sath Sabka Vikash sabka vishwash or tabhi banega hamara Bharat mahan ... C â€¦,,
positive,@ partisanofKhan MashaAllah they bothlook good . Patwari & media walay Jaltay hain Jalkukkar .,,
positive,@ Xadeejournalist @ zartajgulwazir Hahaha ... you want her to be disqualified from govt position as well . Ramzan ka khyal karo,,
neutral,RT @ Guy _ marwaadi Roshan Oye Roshan meh JCB ki khudai dekh k aaya Roshan https // t co / RQQ5V4glFP,,
positive,Accha hua yehi bet rakha aur Kuch Nahi rakha ðŸ˜‚ðŸ˜‚ https // t . co / MRBmw72yCl,,
positive,@ narendramodi _ in Sabse bade loktantra me Sabse badi Vijay ke hardik subhkamnaye Modi ji AAP ASE he Vijay rath per â€¦ https // t co / r5xoM2LRfW,,
positive,On Loop Since Morning .. â£ï¸â£ï¸ðŸ˜˜ @ Mithoon11 sir Laate Kaha se aisi melody .. â£ï¸â£ï¸ðŸ˜ We All Love Youu https // t . co / efFLZKCNXl,,
positive,RT @ MonikaSharmaIns # LifeStyleTipsForStudents @ derasachasauda @ Gurmeetramrahim Dhan dhan satguru tera hi aasra pita ji good night ji alway â€¦,,
neutral,Aap Sirf Gandhi Parivar Par Kyun Bolte Ho Aur BJP Mai Kya Parivarwad Nahi Hai ? Unke liye Kyun Nahi Bolte Ho ? Kya â€¦ https // t . co / 4X9SXeJBXy,,
neutral,@_ pallaviiiii _ @ Shrabonti @ saffrontrail Humne to suna nahi inme se jyadatar places ke naame ko .. Play Arena aur Claytopia suna hai ..,,
neutral,@ Shehla _ Rashid Ab chutiya nahi banegi public ... sab samjh rahe aapki gandi Rajneeti . Anti-Modi banke famous hone ka â€¦ https // t . co / VY4eKnn9dF,,
neutral,@ DesiStupides @ kunalkamra88 ab rehene de thapar ... tera Rahul khud Ra-fail ho Gaya hai ... tu Kya karne wala ... ja kahi â€¦ https // t . co / WKdH6vxRqT,,
neutral,@ askkona Yeah sure but if u no b movie freak u no fit watch all ðŸ˜‚ A dey suffer from ur sickness some kraaa so 4days â€¦ https // t . co / lVPCHd8PEV,,
neutral,Bjp 2014 ki Chunav kaladhan vapasi har saal do krore naukari mahangai kam karne musalmano ko Bharat se hatayeng â€¦ https // t . co / s5SQb2kQzi,,
positive,@ karr _ karrr Aw yeah if you staying home then you good lol,,
negative,@ BhaiDujana @ dwivedi344 Bsdk ke Pakistani apne baap ko nhi jaan paye Marege tu bhi bsdk Tera thekedar bhi Jo pa â€¦ https // t co / NBRcnqhvz3,,
negative,Sharam ka muqaam chor khaandaan ! Laanat ðŸ–ðŸ¼ðŸ–ðŸ¼ðŸ–ðŸ¼ Bajaye iss k apnay baap ki chorion pay usay jail chhorr kar aye besh â€¦ https // t . co / SjLf0HdLUW,,
neutral,@ SonuKakkar @ YouTubeIndia @ raisonai @ tanishkbagchi This is amazing â™¥ï¸ðŸ‘Œ didu @ SonuKakkar aapne iss Gane ko poora enj â€¦ https // t . co / YRDR0FAYGg,,
neutral,Ye BBC hai Ye B - BC hai https // t co / YMehFb4Vwm,,
negative,RT @ VinodSh46061220 Sanghmita exp train no . 12296 me behad bhid hai jisme log bhais bakriyo ki tarah bhare huy hai Pair rakhne ki bhi jagah â€¦,,
negative,@ asadowaisi Teri maa ki chut behen ke lode Teri gand main jor h to 15 minute ke liye mil le tujhe Teri Randi maa ke â€¦ https // t . co / BDrD2zcWea,,
negative,@ fawadchaudhry Maray scientist tum Jo marzi ker lo bohat bura hona hai tumharay sath Pakistan mien munafiqo ko kisi â€¦ https // t . co / IeWSms2INB,,
neutral,RT @ shrutithenaik ' kha ' is a great word - in korean it means ' go ' in hindi it means ' eat ' & it's basically all i wanna do in life just go â€¦,,
negative,@ Silent _ deserts @ TarekFatah Ye nangay b khailen tab b nahi jeetain gay Inki niyat hi nahi Selection hi sahi nahi â€¦ https // t co / bdcymbH2DK,,
neutral,@ Mini _ lama _ 2 @ maverickneha1 Hahaha isne mera dil churaya h,,
negative,@ SHABAZGIL @ asif _ na88 Ns ka nazria hi vote ko izat do mgr jaly Dr ye tery smjh m nahi aega . Ab ye corruption ka j â€¦ https // t . co / bQmyXe2cfU,,
neutral,@ sadanandsinghcp @ INCIndia Mujhe samajh Nahi aata jab hum karyakarta unke netritva par vishwash rakhte Hain to vipa â€¦ https // t . co / GQtmwMqy8N,,
positive,@ d _ SHADOWofDEATH @ igot10on10 Chal Saale Lund Fakeer Ke ! Dimag Mat Khaa Aur Doctor Se Check Krva Pishwaade Mai Ka â€¦ https // t . co / 5Ozo3n9CdA,,
neutral,@ Hammad _ Chloride Marzi H Gr K Pass Paisy Lagaingy Yahn Free M mil Jna Tjhy,,
negative,@ zoo _ bear BJP chutiya banaya hai desh ko logo Ko aur vote Ka pehele army Ko lekr politics Kiya vote Pana Ka liya,,
negative,@ TechnicalGuruji ho ek naya phone diijiye na Samsung s10 mera pass nhi hai garib admi hai dur yaar laura,,
negative,@ Hussain _ NSharif Oyee gonglo corrupt insan maa k janazay par nahi aya baap ko jail karwa di louta hoa paisa wapis â€¦ https // t co / lI6OvIUFDE,,
positive,Pahale is desh se Jativad khatm karo Aarakshan khud b khud khatm ho jaega . Lekin wo tum logo se hoga nhi https // t . co / 2pDKPdXB7Q,,
positive,Ye Baath bilkul sach saabith huyi sister ðŸ˜‚ðŸ˜‚ðŸ‘ðŸ‘ðŸ‘ŒðŸ‘ŒðŸŒ·ðŸŒ·ðŸš© Excellent Tweet ðŸ‘ŒðŸ‘ðŸŒ·ðŸš©ðŸ™ðŸš© https // t co / nXIy56nfyG,,
positive,# PledgeAgainstCorruption @ Gurmeetramrahim Good morning guru g bless us and give us power to do more and more Sewa â€¦ https // t co / WM9If6btF2,,
neutral,Mohobbat ka kissa sabhi ka thha hissa Thhi chaandi ki gudiyathha soney ka gudda ... Nazar lagg gayi iss dosti ko .â€¦ https // t . co / l24EZtMb8q,,
negative,@ News18UP Abe kuch to sharm karo @ News18UP tumhre jaise baklol ke hisab se security naam ki kou chiz hi nahi hai â€¦ https // t . co / opRj8RRBJv,,
positive,# AmazingArt by krane _ awtz ! Thank you for this creative expression !ðŸ™ŒðŸ¾ðŸ’™ðŸ™ŒðŸ¾ https // t . co / T7ITLt9IZx,,
neutral,RT @ CHANBAEK _ FAMILY ðŸ“ Location 3 - Kahe Point . ðŸ’¸ Free ðŸ’¬ à¹„à¸¡à¹ˆà¹à¸™à¹ˆà¹ƒà¸ˆà¸§à¹ˆà¸²à¸¡à¸µà¸£à¸–à¸ªà¸²à¸˜à¸²à¸£à¸“à¸°à¸¡à¸±à¹‰à¸¢ à¸„à¹ˆà¸­à¸™à¸‚à¹‰à¸²à¸‡à¹„à¸à¸¥à¸ˆà¸²à¸à¹ƒà¸™à¹€à¸¡à¸·à¸­à¸‡à¸žà¸­à¸„à¸§à¸£à¸„à¹ˆà¸° à¹à¸•à¹ˆà¸ªà¸§à¸¢à¹à¸¥à¸°à¸¥à¸¡à¹à¸£à¸‡à¸¡à¸²à¸à¸à¸ https â€¦,,
neutral,@ aajtak Jit ho gyi but iske sath jo kuch difficulties face krni paD rhi heiN unke baare meN bhi btaiye Formality hi kar dijiye,,
positive,@ PiyushGoyalOffc train no . 22846 delayed by 9 hours . Passengers pareshan hai koi suvida nahi @ hatiarailway station pe ..,,
positive,@ sunilbansalbjp sir Aap ki Kadi mehanat say Ye Mukaam Pradesh or Desh ko mila hai pranaam hai aapko Rajeev Mishra Maharaj BJP Uttar Pradesh,,
negative,RT @ Sahir _ Dhoom PRK 208 india bhikaari level aur 26M overseas chillar highest vaala fake star Bahut jhooth spread kiye isne pre socia â€¦,,
negative,@ SPatel _ Indian @ Mushir95770465 Ye insan h hi nhi to inse umid bhi insano wali nhi ker sakte ...,,
positive,RT @ SwerveRique âœ…7.3 GPA âœ… 7 trillion in scholarships âœ… accepted into every school in the world âœ… PERFECT ATTENDANCE âœ… was the principal â€¦,,
positive,bahut badiya ! good night # askdeepti https // t co / Qm31H1IAmA,,
neutral,Have you ever had a surprise party ? â€” Nhi ye chonchaly nhi krty meri circle k log https // t . co / mh18RlOXiJ,,
neutral,"RT @ lbi _ london Join us tomorrow for the opening night of our new exhibition "" Networks of Knowledge "" showcasing the institute â€™ s Library and â€¦",,
positive,@ nytimesworld # Her Åž ey Ã‡ okG Ã¼ zelOlacak # everythingisgoingtobealright best country in the world ðŸŒðŸŒˆâœˆï¸ @ kub _ avc https // t co / c2vlSN31fR,,
neutral,@ anubhav _ sachdev @ TheNymphoTweets @ relatixns Try karne wala mile koi sath ... main to mars pe bhi jaake karne ko ready ho jaun,,
neutral,@ nadirabahari @ dr _ chaku @ khairul _ hafidz No shit sherlock,,
neutral,RT @ aliabbaszafar Har jagah ... madam sir ... https // t . co / 40Nl5SM2aB,,
positive,@ ImranKhanPTI Ghabrana Nahi 1992 World Cup mein bhe West Indies ne toss jeet kar Pakistan ko batting karwai thee # CWC2019 # PAKvWI,,
positive,@ narendramodi PM Modi ji Aapke Haath Mein Woh power hai hi ki do ghante Mein Naksha change kar sakte hain aap Hamar â€¦ https // t . co / sGGYGK8Cif,,
neutral,@ MrsAnjumara jaise log jab jab Nawaz Sharif k paas se guzarte thay to WO naak band ker leta tha ... Is bechari ko to â€¦ https // t . co / OLDHpliCzE,,
positive,Feliz cumplea Ã± os ! Happy birthday to you my life # mywife # menukasimkhada # mylife # youarethebest # birthday # happy â€¦ https // t co / gAFXR7pCt4,,
neutral,@ sevennty42 Ya galb elsemeya I love you more walla â¤ï¸â¤ï¸â¤ï¸,,
positive,RT @ vichar _ swadeshi Long overdue Better late than never An excellent choice by Shree # Modi # NarendraModi @ narendramodi ji Congratulatio â€¦,,
neutral,@ hardikpandya7 best wishes for world cup and Eid Mubarak to you from MUZAFFAR Hasan National general secretary LJP â€¦ https // t co / 6Uyv3orrUX,,
neutral,Hum labon se keh na paaye un se haale dil kabhi aur wo smjhe nahi ye khamoshi kya cheez hai https // t . co / 5nIWW9KRFH,,
positive,Kuch seekho ... ye attitude chaiyai agar world cup jeetna hay https // t . co / v2of5CS5xJ,,
neutral,@ MaryamNSharif Ek baat kaho baji na laayak hai k chor hai ? Agar na layak hai to chor nae ho sakta or agar chor ha â€¦ https // t . co / 9bxULD25vY,,
neutral,@ TheUmarHussain Woi main soch rhi thi k abi kuch din phly to ap kch or bol ry thy ðŸ˜ to itni jldi kesy hogy ðŸ˜,,
negative,@ fawadchaudhry Uski fikr chor k jo apky mulk mei choti bachio k rape ho ry hen uska koi qanoon bnae shame on you,,
neutral,Ghoonghroo Seth Good joke Aur Juth mat boliye Sir ab sahan Nahi hota https // t co / ftukEipEXz,,
neutral,Rahul gandhi ke suporter ke jaisa . 70 saal me bhi sidha nahi hua ðŸ˜‚ðŸ˜‚ðŸ˜‚ https // t . co / BDk8kW2OQw,,
neutral,RSS manei BJP BJP manei RSS RSS manei BJP BJP maneI AGP AGP manei BJP BJP manei AGP AGP manei AASU AASU manei AGP A â€¦ https // t . co / mUcfuBgD4p,,
negative,@ SAMBIT _ PATRAg @ yadavakhilesh @ dimpleyadav Patra Ji sab Yadav ko mt jodna OK ye Yadav the but ab ni h ab molana mulaym hogay to samjlo,,
negative,@ saurabh32796567 @ ashutosh83B Chud be sale . Kahan se start hua ye dekh . Pehle ashutosh ne sardana ko to kuchh nah â€¦ https // t . co / eMN8mw3syR,,
neutral,@ ifOnlyKewal Jiske naam pe filme chlti thi na wo usse desh nhi chla wps industry chla gya aur ab industry me bhi nh â€¦ https // t . co / XEfzk6f0nO,,
negative,@ navedelmisterio Joo se me cae la baba de escucharle . En el buen sentido jajajaja . Como se llama el sitio ?,,
positive,@ ManzoorSindhi2 Manzoor miyan Thank you very much for RT & liking my poetry your appreciation boosts my zeal & mo â€¦ https // t . co / UfUZUuTlQK,,
neutral,goodmnight y'all <3 i love y'all esp exo & nct + happy third bday to isko ! exo,,
positive,very soon wants to about a new flim from SHAHRUKH KHAN ALL MY PRAYERS R WITH HIM GOD BLESS HIM .,,
positive,@ rozsharma Rohit bhaiiiii !! The way u keep India's side on every Friday in the Pakistani media It's praiseworthy ðŸ‘ðŸ‘ keep it up ðŸ˜ŠðŸ˜ŠðŸ˜Š,,
positive,RT @ mmpadellan What the polls WON'T tell you is that Elizabeth Warren is quietly running the BEST campaign with the most EXCITING ideas l â€¦,,
neutral,Free traffic jam hehehe long holiday Eid Mubarak https // t . co / QuxxAqKbAp,,
neutral,Jab haar ka malum pad jata h tab # EVM ka topic uthalete hai wow well done yah question BJP ne kyu nahi uthaya Vi â€¦ https // tco / qNG1335DTZ,,
positive,So good I had to share ! Check out all the items I'm loving on @ Poshmarkapp # poshmark # fashion # style # shopmycloset â€¦ https // t . co / 9IbZn5vIGK,,
negative,@ ModiLeDubega @ VazeIndian Yes of course . But subse zada humare desh ki janta jimmedar hain jo ki ek dhongi ko vote diya hain .,,
negative,Tussi day lo advice !! In ki game he nahi niyyatain bhe kharab hain . @ TheRealPCB https // t . co / obkDM6GCkI,,
positive,Mashallah aaj pakistani team ne batting bohat a6i ki aur 349 ka target diya bowling to wese bhi pakistan ki bohat mazboot hai dua kare,,
positive,RT @ ayushmannk Chan kithan by Ataullah Khan is amazing And Chan Kithan by Ali Sethi is beyond awesome The video gives you the feels t â€¦,,
negative,Baba Ramdeo kuchh neta ki tarah mausham vaigyanik ho gaye hain Save as jyada kala dhan to unhi ke pas hoga We apn â€¦ https // t co / 2hLdcCDTBx,,
neutral,@ hardikpandya7 @ GulfOilIndia Bleed Blue # CheerWithPride Jeetega bhai Jeetega India Jeetega Jeet Hamari Hai,,
neutral,@ advocate _ Rd @ BJP4India Ye world cup nahi hai ki jeet gaya kaam khatma ar jasna manaaye ar na hi ye congress party hai .,,
positive,@ DrSJaishankar @ SushmaSwaraj Congratulations Sir ji ....... lots of love from INDIA . We are with you . Mere Guruji Shr â€¦ https // t . co / yOGELMCttR,,
positive,RT @ FbiObianuju Hooo mai Gard ! See Spec ðŸ˜ Happy 18th birthday baby boy ! May God bless you real Good . https // t . co / y7oJEqF44W,,
positive,@ sonakshisinha We love you as you are . Continue to inspire people and always remember that we will always be here f â€¦ https // t . co / IcEnPoV3Ay,,
positive,@ Abbaskhaplu @ ImtiazAlamSAFMA Ye randi wazir nahi ho skte aur agr hay b saye to ye zar taj gul k tarah bn choky hay â€¦ https // t co / AX2a15bSwt,,
negative,Why tf is no one thinking of Arsal !!! Munda ghar se ghayab hai aur kisi ko koi fikar nahi ðŸ˜³ðŸ™„ # SunoChanda # SunoChanda2,,
positive,@ SarfarazA _ 54 we are still with you Lets forget it and do your best ðŸ’– Tum jeeto ya haro hamain tumse pyar hai ðŸ‡µðŸ‡°ðŸ‘â€¦ https // t . co / DDgbIQ66Z1,,
positive,Happpy muhhhh fuhhh â€™ n birthday @ Sydneyymariee _ ! You already know â€˜ ðŸ! Be safe have fun ! More life,,
positive,@ DesiStupides @ dhruv _ rathee Jai Hind . Jai Shri Ram ðŸ™ Or sun Jai Shri Ram bhale hi mat bol lekin Bharat Mata ki Ja â€¦ https // t . co / X9U4xSOKY4,,
neutral,@ deevgrass _ They changed hair color ! Warna-warni pisan pasti kalo liat updatenya mereka,,
positive,@ gqindia @ Rakulpreet You look absolutely stunning in whatever attire you choose . It is a sheer reflection of your elegance .,,
neutral,Aao bahno ab chunaav k Baad kuch ghar grihasthi ki baat kar lekin ðŸ˜ðŸ˜ Kya aapane ghar pe koi achaar banaya ?? Mai â€¦ https // t co / ua2fGSLaHX,,
positive,@ SrBachchan wow amitji kya baat kahi h aapne . I really admire u & u r truly an inspiring person to all .,,
negative,@ MamataOfficial @ AITCofficial Shame on you mamta aur kitne masoom logo ki hatyaaye karogi . Kanoon n sambidhan k â€¦ https // t . co / BvRoAQ6RcL,,
positive,So I'm gonna love you like I'm gonna lose you Let's Marvin Gaye and get it on,,
positive,I've never followed cricket before but this is a super cool analysis on the best player ( Kholi ) done by â€¦ https // t . co / DxoHUyxaVe,,
positive,RT @ RTL _ AdellHarris This is cute Shareef !!! I love it # RefuseToLose â˜ðŸ½â¤ï¸ðŸ¤“ https // t co / LvJxIoR2Hu,,
neutral,@ TheSamirAbbas @ TOIBhopalNews Kyun humlog ye Hindu aur Musalman ki rat laga kar jhagda karte hain . Main Hindu hun a â€¦ https // t . co / mWR1fKtnwH,,
negative,@ Crank _ that _ @ maheshtibrewal @ venkatvignu Chutiya h bhosdi k .. Maa k lode apni kahe jaa rha h .. Teri seli h tu to m â€¦ https // t . co / 7zP5gd837P,,
positive,yes ye yes yes ye sye s krystal new reality show,,
positive,@ AliHZaidiPTI @ SarfarazA _ 54 Talpalaz bhai bus performance nahe dena ground mai OK good shabash looking good .....,,
neutral,@ HardeepSPuri @ DoC _ GoI @ MoCA _ GoI @ MoHUA _ India Congratulations Janab @ HardeepSPuri sb its such a Joy to see you tak â€¦ https // t . co / SeK0RYfUwr,,
positive,@ jordan10RK Arrey baap re ðŸ˜‚ Koun hai yaar ?? Jo bhi hai bahot mast banda hai celebrity bana diya meko ðŸ˜… Love him ðŸ˜˜ðŸ˜˜,,
positive,@ narendramodi ðŸ¦ðŸ™ðŸ» Respected Narendra modi ji Congratulations again modi Sharkar âœŒðŸ»ðŸ‘ðŸ»ðŸ‘ðŸ»ðŸ‘ðŸ»,,
positive,@ PramodChturvedi @ asadowaisi Owaisi sahab mil ke modi ji se issues haal karne ki koshish kare .. Aap aachr insan lag â€¦ https // t . co / GzV5u5jTQb,,
positive,Happy 35th Birthday to the love of my life @ saudagar _ garam . As you are the greatest husband I wish for the best in â€¦ https // t . co / WvEaOw0K8L,,
neutral,RT @ sadafabaluch Mujhe Samajh Nahi Arha Ab Ye Chal Kia Raha Hy ðŸ™„ @ SabaHyder1 Twitter Dekhne Ka Dil Nahi Kar Rha Ab ðŸ™„,,
neutral,@ narendramodi Respected sir Atal Ji k character ek song m srk sir n kiya tha jagjit singh Ji k gaane m aapke biopic â€¦ https // t co / E8ORdqJBEq,,
negative,Thank god babes mahan nahi bani and biji bauji ko mana kr dia sath rehne ko . Because they are hypocrites ðŸ˜ðŸ˜• Khuran â€¦ https // t . co / GPRxjHfWSR,,
neutral,@ ZeeNewsHindi @ MamataOfficial Ghamand ki parakashtha ! Tum janta ki naukar ho bhoolo mat Momina Begam . Jo janta sir â€¦ https // t . co / KvvBFgySUP,,
neutral,@ MLArajeshSP @ YunusSamajwadi @ yadavakhilesh Mayawati ne SP p . o . khatam kar diyaa,,
positive,Khair hogai Sarfaraz Jani !ðŸ‘â¤ï¸ We still love You .â¤ï¸ No . 1 T20 Caption ðŸ‡µðŸ‡°â¤ï¸ # SarfarazAhmed Â  # WeHaveWeWill https // t . co / AjKZnxfrT8,,
negative,Tikki chaat or tamatar chaat ? â€” Thappad maar dungi bc dm me aaja wrna ðŸ˜¡ðŸ˜¡ðŸ˜¡ðŸ˜¡ðŸ˜¡ https // t . co / iRAGvj21SO,,
neutral,@ Bachakhanzada10 @ PDCMDOfficial @ Chib _ 34 Ham ko koi wazat nahi Deni Ham Be Pakistan es itny he mohabbat kartay hain â€¦ https // t co / r4ySQ3kYsP,,
negative,@ News18India jo islaam maante hai kuchh bhi ho malichh bahut hote hai wo kuchh bhi ho sakte hai manusya nahi ho sak â€¦ https // t . co / p5e9Cl7fAC,,
negative,@ Ravikan85627392 @ bsesdelhi Koi faida nahi bhaiya yeh chutiye automated message hi bhejte rahenge .,,
negative,@ abpnewstv Chunaw ke bad chanelo ki niti badalti hai ... negative mindset ka chanel hai ABP,,
neutral,Pyaar karna nahi Aata Tha aapne Sikha Diya ... Tadpe Na The aapne Tadpa Diya .. Udaas Rehne Lage Hein Ab ... Roye Na T â€¦ https // t . co / hQp3rvFYbx,,
positive,@ male _ bitch666 Isse to crush itna impress ho gayi hogi dekho kahin rishta to nahi bhijwa diya ghar !!!ðŸ˜‚ðŸ˜‚,,
neutral,RT @ PestoChampion Gajar Â  ka Â  halwa Â  is a wonderful vegetarian Indian Dessert combination of nuts milk sugar khoya and ghee with grated Â  ca â€¦,,
negative,@ igot10on10 Arey tu chutiya hai gadhe . Pakistani ka Har officer kudte pe blazer pehenta hai chutiye ... imran khan k â€¦ https // t . co / AqIDSidcoh,,
negative,@ vikasbha Tum ek no ka Dalal Ho ... Sale chutiye Dalai karna hay Yo Jake BJP ke Talbe chat ... News channel main Hoke â€¦ https // t . co / JXr26EcsOf,,
positive,@ TamsJoo @ ABHcosmetics Oooo she â€™ s pretty ! I â€™ ve not tried any ABH yet .,,
positive,Istiyak idirisi my aap sab she gujaris karta hu ki my ik singer hu aur my new song kar na chata hu laykin mujh â€¦ https // t co / WVUyoYfQ5a,,
neutral,@ taha4u4ever @ shyamtsbhat @ VishweshwarBhat @ pcsarangi Yes sir Please God up the facts and show me ONE evidence ag â€¦ https // t . co / KVGCjVp0A0,,
negative,Abyssal Sire is kicking my ASS tonight FUCK,,
neutral,@ gelostt Is ak Bad Tum Ne Ajeeb Bewafai Wale Tweet Krne Hen ðŸ˜’,,
positive,Kaash mein aisi shayari likhu Prabhu Shri Ram aapki yaad mein .. Aapki tasveer dikhai de Uske har alfaaz me ..... à¤—à¤°â€¦ https // t . co / v6qf1q7cm9,,
neutral,@ VANNILATAE @ confusedarmy _ @ kavyatrivedi9 BC YEH SAFEDI 24-27 PE CHILLA RAHE HAIN saala yeh temp . Is like jannat for us .....,,
positive,Original bhagwan hu yaar narayan Vishnu krishna jagatpita RAM parambrahm god allah jeses parampita sab mera hi naam â€¦ https // t co / Bw07CIQKws,,
negative,@ AcharyaPramodk Chor Kahinke # ExitPoll2019 ne EVM ke Bina hin Tumhari aukad Bata di Log tum jaise looteron ko vote â€¦ https // tco / p3GdIvaZox,,
neutral,@ chirayu _ 96 Padman bhi dekha hoga usme 2cr ki machine ko 20k me bana deta hai Mai nahi kahta ki # Sooryavanshi MI ty â€¦ https // t . co / ecwqlozHD9,,
negative,@ RanaAyyub ðŸ™ðŸ™ðŸ™ðŸ™ Behn ji rehndo Hame hamare haal pe chod do Jinhe apne samaaj ki galtiya hi nhi dikhti Woh dusro k â€¦ https // t . co / g1tqgiJN7u,,
neutral,RT @ selvaraghavan Hi friends ! Here you go ! Hope you all enjoy it ! # NGK # NGKTrailer https // t . co / HwC17CL8aK https // t . co / mimgkxU6fe @ Sur â€¦,,
positive,@ navsekera Swarnim itihaas banega . Bharat naye pankh le udega . Tez raftarnayi soch hai . har din ek nayi khoz hai .â€¦ https // t . co / 62Ryyc0wnr,,
neutral,@ anandk2012 @ RailwaySeva @ IRCTCofficial Jo tum online dekhte ho vahi ad mei dikhta hai Iss se jyada clear koi nahi â€¦ https // t co / YjAyLGgazb,,
positive,@ theskindoctor13 LW vale Itne Bade vale CC hain Chu $ iye Abhi soch rahe hain ki Inka time Aayega !,,
positive,Thanks @ ArvindKejriwal for your great prediction ... aapke muh me ghee ke laddu ðŸ’ https // t . co / APXrXzSkxe,,
negative,@ RayeesVP2 Jaahil thinking Every voter voted for bjp is not godse bhakt netiher mindsick like u,,
positive,RT @ anujkumarurmali @ hardikpandya7 @ mipaltan Big hitter Har dikha de dusri team ko Har - dikh,,
neutral,# KareenaKapoorKhan - Our Bebo beauty Queen comes back with a Bang in her ' Dance India Dance ' Show as The Super Judg â€¦ https // t . co / LdqapAr8Fv,,
neutral,RT @ itsmerajiv _ 07 Kuch din to gujaro Gujarat main https // t . co / CFXaaQUxq8,,
neutral,RT @ Its _ Wrath _ Hi Ooooo i love this a lot ! Thanks @ Turly032 https // t . co / iBlciZNie2,,
neutral,@ ShabnamGulwazir Sirf resign nahi balky ye aor is ki sister article 62 63 par pura nahi utarti in ko jail jana hoga .. asli insaf hoga ..,,
neutral,@ SushmaSwaraj sushmaji hum aapke decison se bahot naraj he !!! Agar aapne @ sehat ko lekar kiya he to wish u a good healthy & long life,,
neutral,RT @ Aliya313 @ FATIMAM73301953 Of course ! always pray ! Thats the hope I have that Allah will grant me His precious Rehmat & Maghfirat beca â€¦,,
negative,@ Itz _ aziz __ @ ansarraza16 Ramzaan me itni zalalat tujh jaise kanjer ko hi milti hai .,,
neutral,@ AbhaMis01036320 @ MANISHP12841995 Kaam me man laga beta chowkidar warna tjhse sasta chowkidar Modi le aonga or sala â€¦ https // t . co / U4agp5vbIA,,
neutral,@ kanhaiyakumar Chup se baith tere har tweet main sirf hate n crime h sirf batein and tweet karne se kuch nahi bad â€¦ https // t co / gFWKQHjNY9,,
positive,RT @ DrshishupalS @ DrKpRajak1 Chhidvada par hardik badhai or subhkamnaye Jarur aap jald se jald Atithi vidvano krapa drasti kare ek ye hi â€¦,,
positive,@_ NKPENNING Thank you Nitish ðŸ˜Š ekdum taaza click hai .. Very good morning ..ðŸŒº Suraj ka tamtamaya chera dekh ke daudn â€¦ https // t . co / nP3jYxfWet,,
negative,Us gaandu k bachy ne pain killer di he nahi keh raha tha stomach ki waja se yeh sab hua bhenchod mera stomach theek hai,,
neutral,Mere bhai Zeeshan Yaseen ka likha aur mere Dost Ammar Ali Khan ki awaz mai gaya hua World Cup 2019 ka special Song !â€¦ https // t co / qj4ycjOjIY,,
negative,RT @ ibeingdevil Fokat ka samosa khaane & Fokat ki movie dekhne wale critics are tweeting about boycotting Salman Khan movies . Lol funny c â€¦,,
positive,** Me on Date with crush ** Crush which is your favorite song ? Me bade aache lagte hai Cr â€¦ https // t . co / AYxYr5YAzU,,
positive,@ cheung _ chichi you are beautiful looking i want to friends ship with you my name raza bhatti from pakistan my whata â€¦ https // t . co / BD48xiVaAc,,
positive,RT @ SaschTang Selfie challenge number 5 I am so happy to see @ AM _ Hume Looking fantastic # CRAconnExionsARC https // t co / DZDCggyRCb,,
positive,RT @ sehrii _ says @ Bechariii janii thankuu sooo much for s / o love u pyari sisoo ðŸ˜˜ðŸ˜ðŸ˜Šâ¤â¤,,
positive,@ 011696j I know it â€™ s you Jennie ANYWAYS I WILL FIGHT EVERYONE WHO WILL AAY STH AGAINST YOU ! BBY LOVE U UWU,,
negative,@ saylismmm Chutiye tu to cute boliyo Hi mt Beizzati mt kr word ki ðŸ™„,,
negative,@ Kashifncba @ TarekFatah To yr tum logg to bahut bade waly ho ðŸ˜œðŸ˜œ Tumhary yahi ke bande chila chila ke bol rahy he â€¦ https // t . co / haPVtjEm8Z,,
negative,RT @ KhattaMitha1 @ dr _ abhi _ voice @ BHARATBAG @ TajinderBagga @ MamataOfficial @ AmitShah @ DilipGhoshBJP Beta tera pappu mutra band hai to khij â€¦,,
neutral,@ PranaykaNTRii @ AnilRavipudi ni stories direction ey worst anna Jabardasth ki stories rasko .,,
neutral,What can be worse ... Stone pelters Ye kuch nai krenge J & K Police Hume kuch krne nai dete Government Kuch to â€¦ https // t . co / JF7sK6SwkI,,
positive,@ RanaAyyub Why are trying this new game YOURS & TUKDA GANG ides of breaking india is all over ! Today india is united #### JAI HIND,,
neutral,Bahut Badhai ho https // t . co / xA7XTP7saR,,
positive,RT @ JunaidkhanREAL Good luck team Pakistan . Hopefully we can start off with a win inshallah . # PakvWI @ TheRealPCB # PakistanZindabad # Pakist â€¦,,
neutral,@ PMOIndia PM modi g please sabse pehle aap India mein awara gomata ka kuch kijiye bahut bad condition in cows hungr â€¦ https // t co / 39056YcIpO,,
neutral,@ HamidMirPAK Tmhry lie to lanat ka lafz bhi km h tmhn to na shrm hai na gerat bs bkwas ati h,,
negative,RT @ ArvindK02696397 Sarkar ne aaj cabinet baithak me teacher bahali .. par koi nirnay nahi liya ... so sad,,
neutral,@ MaryamNSharif Fikkar naa karo ye jo ab chand patwari rah gai hai in ki nasal tumhari agly nasal ki ghulami kare gi â€¦ https // t . co / VpXFVNW1oM,,
neutral,@ khanumarfa Jo kisi ko jhuta bole smjh Jana wo sabse bada jhuta Yeh apki gawahi ne dikha dia Waise aapke articles â€¦ https // t . co / AT5IrxVZlr,,
negative,@ NiranjanTripa16 Congress ki haar ka sabse bada karn shirsh ke neta hain jo kursi se marte dum tak chipke rahna cha â€¦ https // t co / YtnGA2ilIP,,
negative,@ ZeeNewsHindi INKI AISHI KI TAISHI MARO SALE KHUDH KE BACCHE NAHI HAI KYA INKO SALOKO JUTO SE P â€¦ https // t co / 8czJfP9lEy,,
neutral,@ AajKamranKhan Judge pay reference krney jnab kal khan sb ko dra rahey they woh kion ?,,
neutral,@ TheAngryLord Highly irritaated lady she is . Isake maa baap ne iska naam mamta kyo rakha ðŸ¤”ðŸ˜ ðŸ‘¿,,
negative,RT @ Rajeev _ Gopalan1 @ republic @ jumits So who is the CHOR ??? Ma beta beti damad sab CHOR hai desh nikalo inn logo ko,,
neutral,RT @ asadanmolkhan @ arnished @ ICC @ TheRealPCB @ SarfarazA _ 54 This is our national dress . We proud of our captain on wearing shalwar qamee â€¦,,
positive,@ realpreityzinta U r natural beauty Ma'am Best actress Soldier Kya kahna awesome kal ho na ho Naina k khubsurat nainaa,,
positive,@ iqrarulhassan Me apki bat se agree bhi krta ho magar bhai meri nazar me ulama ki respect sub se ziyada,,
positive,@ KhanMubeenAhmad @ Mmohsinshahzad @ ZaidZamanHamid Sekh mujeeb nayla kadri jindawad Indian army jindawad jay hind ðŸ‡®ðŸ‡³ðŸ‡®ðŸ‡³ðŸ‡®ðŸ‡³ðŸ‡®ðŸ‡³ðŸ‡®ðŸ‡³ðŸ‡®ðŸ‡³ðŸ‡®ðŸ‡³ðŸ‡®ðŸ‡³ðŸ‡®ðŸ‡³ðŸ‡®ðŸ‡³ðŸ‡®ðŸ‡³ðŸ‡®ðŸ‡³,,
neutral,@ stylishsheik @ Suriya _ offl @ selvaraghavan Arey bhai movie dek khe mera dimak kachodhi huvva ...ðŸ¤¨,,
neutral,@ kuldeep22392246 @ Aleena31643238 @ Simmijag @ Sarthaki1 Once result is declared nothing gonna happen no one can change it aur av wahi Hoga,,
neutral,RT @ ghost _ spotter @ anikjaat8 Ye sirf pauranik kathaon mein payi jaati thi Vaastavikta se iska koi sambandh nahi hai,,
neutral,@ Dahiru16600517 @ bae _ swanxy @ abduldanga @ EisahKrash @ Bilkyysu Ha ha ha nayi shiru anan,,
positive,@ theskindoctor13 Happy Birthday Doctor sahab ðŸ’ bhagwaan aapko khush or swasth rkhe or aap hme aise hi apni creativity se hansaate rhe ðŸŽ‚,,
neutral,@ MamataOfficial jai shree RAM . Jai shree balaji ki . Jai shree Gurudev Bhagwan jagatguru Rambhdracharya me DURGARAM â€¦ https // t . co / KoUxJ5buBA,,
negative,@ Ibne _ Sena @ bprerna Freedom of speech hi problem hai . Pakistan Mai ye bolke dikha de koi - Pakistan Tere tukde Honge â€¦ https // t . co / uym8T9cbvZ,,
negative,@ Ayan66 _ Official Group Stage ki had tak toh sahi keh rha lekin agar knockout mai hua India se match toh 100% Pak jeete ga .,,
negative,@ Akkian _ Beast @ akshaykMartial @ SuperADianNitin Bc inke 5-6 fans hai woh bas @ ajaydevgn ki itni bhi aukad nahi ki u â€¦ https // t co / bh13p1QL5P,,
positive,@ Muhamma29204136 Khush fehmi Allah pak # IK ko ab Pakistan k lye hmesha PM banaiga .,,
neutral,@ RahulGandhi ji Aapka vikalp congress to kya is desh me nahi hai Main to kahunga universe me nahi hoga â€¦ https // t co / Hswe03Gwf7,,
neutral,@ Akf _ Kanha @ SKFforlife @ hkz1311 @ aamirspk2 @ Aamirs _ Batman @ Some1Dare @ AAMIRCRAZE Hum to nahi but tu zarur h bots .. Aayushman k fake ids ðŸ˜‚ðŸ˜‚,,
positive,@ KosmoSkafander letterboxd jest super appka te Å¼ mo Å¼ na robi Ä‡ listy maj Ä… Å› liczne plakaty i uk Å‚ ad strony jest przyja Åº niejszy ni Å¼ na film Å‚ bie,,
positive,RT @ robson _ rkn @ Tara _ Deshpande All varieties of Pakodas are great . But 2 which stand out are 1. Palak Patte Ke Pakodas are great but takes â€¦,,
negative,@ aajtak Abhi BJP 18 MP se satisfied nahi hai abhi BJP ko Bengal ki govt bhi chahiye . Aur kuch nahi bus ye usi ki t â€¦ https // t . co / UvWY29NypX,,
neutral,3andha sabr w tolit bal w lazim a2ul heya enqaztni mn mo7awlat ent7ar kteer I became a better person for her W â€¦ https // t co / loHn11IV4O,,
neutral,RT @ UmarFof I don â€™ t depend on people too much because I â€™ m tired of being disappointed .,,
negative,@ RahulGandhi WADRAAAA NO TO BAS JAMEEN LI HAI--KISANO KO PAISA NAHI DIYA-AB JI NE FILM INDUSTRY NO 1 TAK PAHUNCHAYI â€¦ https // t co / U3zr9OCvJT,,
negative,@ Dr _ M _ Dutt @ sherryontopp Kutte ki tarah Bhonkte rahoge to yahi hogaa . sonch samjhkar comment Karen .,,
negative,@ Saru81589968 Frequently aisi tweets karna koi surgial strikes se kam nahi hai Mar Jaoge luteyens liberals aur Tukde gang ðŸ˜‚ðŸ˜‚,,
negative,@ aajtak @ ArvindKejriwal @ PankajJainClick Sab nautanki h or kuch nahi is bar nahi jeet payega . itni grmai me light na â€¦ https // t . co / iMAjk7uzw8,,
positive,RT @ FarooqHareem Big day for # Pakistan today at the # CWC19 praying for the Team Green this Jumma tul Wida with the rest of the country â€¼ï¸â€¦,,
neutral,Q ki Aap jaise reports REPORTER Rahe hi nahi BJP PRAWAQTA ban gaye hai pichale 7 saal me dekhiye Aap MIDIYA walo n â€¦ https // t co / 4ayPEORsOL,,
neutral,@ Being _ Shupriya @ Incognito _ River Mateey ðŸ˜• aapke ashirwad ss koii abaad nahi hoga barbaad hoga # radhemaa,,
neutral,@ kansari786631 Congress ko bhi soft hindutvva se hatkar Gandhi Nehru ki clear vichar dhara par aana CHAHIYE,,
negative,@ SRKxPREDATOR @ SRKian _ Baadshah @ BrijwaSRKman @ 5555Lucky @ shahrukhdevdas Tu nahi sudhrega bsdk,,
negative,It â€™ s a byproduct of one of the worst aspects that Protestant theology has given us sola fida . You literally can th â€¦ https // t . co / 4S10JT5k03,,
neutral,@ Faerie _ ous Chlo sed na ho khud pehan lun ga,,
positive,@ narendramodi respect pm narendra modi ji hum bhut kush hai ki aap logsabha chonab me jeet gye congratulations sir â€¦ https // t . co / k42XJR028z,,
neutral,@ KarunaGopal1 So we must ban onion and garlic ðŸ˜ŠðŸ˜ŠðŸ˜Š Bjp walo ko kam nahi hai ... Concept chillate rahenge bina matlab ke .,,
positive,@ Dharmen29389998 @ thehindpower Galti to Congress party ki hi thi . Jaldi se niptara nahi karwaya . Abhi bhi MP ke C â€¦ https // t . co / EpjhFbRC9V,,
negative,@ yoyoadi2610 Phle to gaali band kar nhi to maa chodd duaa teri madarchod Bhn k lode Jayda gyan kisi aur k samne d â€¦ https // t . co / S6EEYTnFFt,,
negative,RT @ kunfaaya Oye @ BJP4India . Apni website toh dhang se manage nahin kar sakte . Desh kya chalaoge ? Tumlog gobar ikattha karne ke hi laayak â€¦,,
neutral,@ LeenaMistrynjcp M bhi woman hi hu for ur kind information .ðŸ˜„ Aur decently answer kiya hota toh mujhe itna kuch na k â€¦ https // t . co / BoBstdEKHA,,
negative,Yeh chor thodina hai ye to girgit hai kyo @_ YogendraYadav sahi kaha na https // t . co / Ija9fKDQ9V,,
positive,@ DrSJaishankar @ SushmaSwaraj All the best and hope you shall be people's Videsh Mantri .,,
negative,@ SHABAZGIL Jhut or bad zubani ki bat agr PTI wale kre to smj hi nahi ati q k ap hi log hen jo ye sab gand le kr ay he Pak me,,
positive,RT @ bishhereyo @ Javeria90165021 happy birthday eomma may u have all the happiness and success aese hee rhna sekci or budhi ;) love u jutiya â€¦,,
neutral,@ myogiadityanath Upsssc 2016 ke koi result nahi complete karva Saki is speed se 2022 me Modi ji bhi kaam nahi ayege,,
neutral,@ MehwishButt78 Aaj hamare haan waqai thand see hai baarish bhee hai but inside home it's nice and chilly ðŸ˜ðŸ˜,,
neutral,@ AmitShah The Chanakya of Modern India is our new Home Minister Congratulations to Amit Shah ji ... Terrorists Sepa â€¦ https // t . co / bu8fKug2su,,
neutral,@ Unknown83117895 @ riyaOmm @ WickedMandar @ jack aap sab purane movie kalaakaron ko sarkar ka taraf se great service award milna chaheye g !,,
negative,@ HardikPatel _ Tum toh khud ek buri maut maroge . Bjp ko tumko maarkar haath gande karne ki zaroorat nahi hai aur wai â€¦ https // t . co / TeSLIG7ept,,
negative,Ye do khabre btati hain ki corruption ki jadey kitni mazbut hain Pura ka pura # UPPSC hi chor haisab mile hue hain â€¦ https // t . co / Erp9P1XLfQ,,
neutral,@ QayyumReports Lagta hai # geo sy paisy deny band kardiye hai ðŸ˜‚,,
positive,RT @ SILPIKUMA @ Kanhaiy97131425 Nahi bilkul wrong kaha aapane aajkl chehre ki udasiyon ko muhbat ka khel samjha jata hai Hasi khushi ke ch â€¦,,
neutral,@ Abhishekkar _ CNBC ðŸ¤£ðŸ¤£ðŸ¤£ðŸ¤£ðŸ¤£ðŸ¤£ AKA sir ne to CNBC ke pahele bol diya tha https // t . co / h1rAzqIHs0,,
negative,diya jo ab vaadi ko jaan se matne ki dhamki de rahe hain anurodh hai ki prakaran men giraftar kar chode gae aropi â€¦ https // t co / VBmnod7dqF,,
negative,@ priyankagandhi Robert wadra ki ghotale k khabar bahat dukh lagta he Ab usko Congress party v nahi bacha payegi Su â€¦ https // t . co / 89ptXZ1ylN,,
neutral,@ KumariDiya @ PMOIndia @ narendramodi Hume gurav hai ki shreeman pm modi Ji jaisa es new hindsthan ko sab ka sath Sa â€¦ https // t . co / vm1hBrgOY3,,
neutral,@ JaiShreeRam90 Pure desh me ghum rahe hain aur gintee kar rahe hain ki kitne ahiro ne backward se gaddari kar ke â€¦ https // t . co / 9UWpoQwtJv,,
neutral,RT @ Its _ Atiffff BC jaga jaga zaleel howa hun Lakin yee â€œ Iqra Aziz â€ Jaisi Bachi main ne nahi dekhi aaj tak kabi kisi Phaki Wassiyon main ! ðŸ™„â€¦,,
positive,@ nitin _ gadkari Sir We believe in your faith and wishes Do it Sir you will again do a tremendous work for the weake â€¦ https // t co / CP1ef04VOX,,
positive,RT @ Maatibaloch I pray to Allah the Almighty that this night will bring much good for all Muslim in the community and those under the geog â€¦,,
negative,JCB ki khudaai aur is room me hochuki chu **** i dekhna bass kismat walo ke naseeb me hi hota hai ðŸ˜…ðŸ˜…ðŸ˜… Kon h wo kis â€¦ https // t co / e19HdRR9dm,,
neutral,@ MamataOfficial Tabacco free day ki tarh ab bangal bhi free hone wala hai ðŸ˜ƒ Jay sri ram ...,,
neutral,@ pbhushan1 Ab app log ko # 5year or kosna pade ga calo koi Nhi appna yeah kaam accha se kerna nahi to 2024 me Bhi â€¦ https // t . co / aaeM6PBKaa,,
negative,@ arsched gud news ab eis ko treason ki saza milni chahye ager en jaisaon ko chor diya gya to ye mulk dushmana â€¦ https // t co / mWzWmkQw9t,,
negative,Madrcod hindu muslim k beec me pudiya fek rha h ab hamko tuj jese dhram ke thekedaro ki jrurat nhi h kutte apna â€¦ https // t . co / nqgcl117YA,,
negative,Ye kuch bhi lagale . Ab iski BC mein koi na aane wala ... Ek number ka baklol hai ye . https // t . co / aC8X6u6w19,,
neutral,@ pirshahidanwer @ AwaashGull @ Angel _ Pukhtana @ Ishwaishwakhan1 @ Syedasa29334774 @ 0ye _ na _ kr @ 0point12 Liking agar koi â€¦ https // t co / ozFCn7pELJ,,
neutral,@ aajtak @ RahulGandhi @ KumarVikrantS Good ache bipakh bane . janta ko bekuf na samjhe . Mudda desh hit Ho to janta sat â€¦ https // t . co / 1aeaA5fr69,,
positive,@ MamataOfficial jai shree Ram ... Har har mahdev ... Amit shah Home Minister aa gaya hai ... Jara vo bangal ki file â€¦ https // t . co / Q2FDNfQzNp,,
neutral,@ sherryontopp @ RahulGandhi @ priyankagandhi @ ahmedpatel @ INCIndia @ IYC @ MahilaCongress Oooyyee sun tune to Kaha ke j â€¦ https // t co / zBlZFRsGcH,,
negative,@ abinash625 @ TIME Gazab bc kisiko aur k opinion ko rephrase kar diya ðŸ˜†ðŸ˜†ðŸ˜…ðŸ˜… https // t co / XXdPu9krsN,,
negative,@ BBhuttoZardari Alhamdulillah naya Pakistan atleast tum logon k corrupt Pakistan se ziada behtar hai ... shame on you baby zardari ...,,
neutral,@ pankhuripathak Kal to cong ne media se interact krne bola aur aaj log social media par lage pade hain shame on u t â€¦ https // t . co / FcOoKKyDn6,,
positive,@ AmitShah Amit Shah Ji please Jet Airways ke employee ke bare mein kuch kariye Parivar wale bahut pareshan hai bhukhe Mar rahe hain,,
neutral,@ vinodkapri En police wale bhe apne aukat kamjoor musalman aur dalit per he dekhate hai . Per na jane enko bhagwa gu â€¦ https // t . co / zo7zyL3rxN,,
neutral,@ iamkaur11 @ dcchoudhary197 chaudhri saab ka status khrab kr diya is tweet ne ðŸ˜‚,,
positive,Here â€™ s a song for you â€¦ Woh Pehli Baar ( From Pyaar Mein Kabhi Kabhi ) by Vishal Dadlani https // t . co / B1fXeMWQ4h,,
neutral,@ Musa _ Doo Can't wait to tweet like you Musa I promise to make sure that people would see the world through my eyes ðŸ˜¢ðŸ˜ðŸ˜ðŸ’•ðŸ’•ðŸ¤žðŸ¤žðŸ¤ž,,
positive,@ silwatein @ I _ Am _ Mowglu Mere roney se Meri Maa Bahut Khush thi Mere roney se Meri Maa Bahut Khush thi Jab Mai Pa â€¦ https // t . co / khH8j1fTct,,
positive,@ SushmaSwaraj Aaj bharat kai har nagrik ko aap par garv hai . jis trh se aapnai apnai bitai five years mai foreign â€¦ https // t . co / pypYwQVI4B,,
positive,# AmazonCricketQuiz is bar to cricket world cup india hi jeetega,,
positive,Abe BC kya le jayenge yeh toh batah abhi ðŸ˜œ # PAKvWI Babaji Ka Thullu ðŸ˜‚ https // t . co / RtZucwCQxA,,
negative,@ mlkhattar YE . SUAR KA . BACHAA . LANGDAA . CHOTALA . KHUD . TO . BHOT BADDA . CHOR . HAI . JAIL ME . SADD . MARR . RAHA . HAI .â€¦ https // t . co / xUUknR8Y2m,,
negative,@ MeinShoaib @ moronhumor @ seriousfunnyguy Bhai Aisa culture tumko Mubarak Jo haar jagah mazak ban jata ho,,
positive,@ onetimetothink it â€™ s gonna be okay !! please don â€™ t relapse you deserve better ilu,,
negative,@ UmairFilms Blockbuster like zero race thugs etccc etcccc chutiye kabhi to dalali chod,,
negative,@ Tinkableeblog Thank you Tinka ðŸ˜ You always make me cry Thank you for all these wonderful words and wishes ! ðŸ’– ðŸ’– ðŸ™ðŸ™,,
positive,RT @ taiiiiland @ thatonebelizean Happy Birthday Akela !!! Welcome to the 21+ club buddy ! ðŸ˜ˆðŸ¥³ðŸ¾ðŸŽ‰,,
neutral,@ republic Ye to acchha nahin bol sakte . Lekin Zara sochie ye kya ki hogi jo yah ghatna ghati . Women may not be alwa â€¦ https // t . co / smMXPcamxC,,
neutral,@ MissDwivedii are sach me ye jn jagruti he typiong error he koi bakwas nahi sidhi si baat he,,
positive,Sri Narendra Modi Ji Jay Jay Kara BJP in 21 states Form Govt ' Victory Th ... https // t . co / cbiOajUuhE via @ YouTube,,
positive,@ narendramodi today is new india i am proud burn in india sri modi ji ko dhero subhkamnaye,,
neutral,@ anilvijminister sir meri Wife KO 1hafta ho gya hospital ke chakker lagate abi tk doctor ne koi medisen nhi di aur â€¦ https // t co / Ij2ZSJx0Lx,,
positive,RT @ RajputIshwa Allah .. My Lord forgive us . Receive us our repentance . Bless us on this beautiful month Accept our fast and ibadat .. â¤,,
neutral,@ kunalkamra88 @ Swamy39 Iss kunal ka itne bhav mat do . Kuch log apni aukat se jyada uchhalte hain . Better ignore hi â€¦ https // t . co / TCYzqsOP6H,,
positive,@ narendramodi Great modi jii hum aapse request karte hai ki west Bengal balatkar me pure india se aage toh kuch kij â€¦ https // t . co / ZvBjC8ijfH,,
neutral,Hamare desh ka gourav https // t . co / eLzwJNGw56,,
negative,@ iabihax Wo ALLAH faisla kryga tm log even phr v ni keh sktay kisi ko b k ye dozkhi hai .... had hai Muslim to hai e â€¦ https // t . co / BkaPREkJsV,,
negative,RT @ saeedj80 Lanat ho wabda walo per light na dena hy to na hi do dekhe 5mint phr band kardete wo khud Ac per bethy hn baqi gareebo ke lie â€¦,,
positive,@ sushantsareen Sirjee Wholehearted appreciation among intellectuals is rare Hence when u r endorsing new EAM I feel proud abt u .,,
positive,RT @ ThisIsArham Tooba I love you yawr I really love you yawr aor mein tumharay liay kuch bhi kar sakta houn https // t co / 9p2kHuCkQq,,
positive,@ narendramodi @ ysjagan Adarniya Modi jiPehle Aap ko Hardik abhinadan desh ke PM ke liye Umid karta hoon ki Aap agl â€¦ https // t co / 8UBDSncOn9,,
neutral,@ Radhika _ Khera Media house ko full payment kare parwakta vejne ki jrurt nh padegi,,
negative,@ SubhashPophale @ SimplyAshokKr @ vikasbha @ abpnewshindi Even the person sharing it knows it is fake not only this v â€¦ https // t . co / lMZhgXXDQS,,
neutral,@ Akkian _ Beast Uske perosnal problem h 20 khelna & 50 over khelne me difference h Agr whi wc me perform nhi kr pata â€¦ https // t . co / V1hV8LpQNr,,
neutral,@ Shalinaahmed0 This is so true No matter what happens you just can't see your amma crying Unka har aik ansu dil pe jaake lagta hai,,
neutral,@ Hariprakash4u Ye Fake hai is per turant FIR ho . isme 4-5 account hai ye daily new ladkiyo ki photo dalta hai . isk â€¦ https // t . co / PddfQJnWSE,,
positive,@ myuiminya awwwie â£ï¸ anw good morning to beautiful swan minariing ðŸ˜šâœ¨,,
negative,@ kunalkamra88 Kutre Sala ... Dimag Sathiya gaya hai kya re ... koi iska chati foro re .,,
neutral,@ btswithluvagain @ minpindyoongi Bhai wapis na chi jana Dekho agar ap ko muhabat hoti na to ap aisay maidan chor kar â€¦ https // t . co / EL45yh06yK,,
neutral,Super Highway to Kedarnath and Badrinath Listen carefully This is really ambitious work for Char Dham Yatra T â€¦ https // t co / C2opAETMTK,,
neutral,@ chhavihussein Hey chhavi got the good news Eagerly waiting to see the newborn,,
neutral,Sab se purani party ki ek branch This is not even indira congress It is sonia congress nothing more https // t co / QvwK2zoBiu,,
positive,RT @ mohitsaini7915 # DSSAgainstDowry Good Morning Papa @ Gurmeetramrahim g Bless all of us with Maximum Sewa Simran Parmarth And Success In â€¦,,
neutral,@ Easyteri77 @ RAVINDER47 @ BarkhaSeth2 @ VaronikaVks @ SomaMukherjii @ jyotsnavarma9 @__ kashyap __ @ sahajyoti3 â€¦ https // t . co / jRCDoIXUeZ,,
positive,@ saleem _ mohad Marne lage aap logo ko wajah se desh me chunaw karwane pade modi g to pm te hi hame koi dikkat bhi nh â€¦ https // t co / KeYZlJRxvy,,
neutral,Yeh mere ghar wale generator pae TV on Kyun nahi karne dete yrrrr,,
positive,RT @ Salmanashraf313 @ CallMeMeeru Meri life mae aik ap or @ ZoyeMemon apa ke brday ka din aise hota hae js ka mujae bht intazar hota ha bcz â€¦,,
neutral,@ DrRehman0786 @ abbas _ nighat Bahi yahi to problem hai tum logo ki maine kisi community ko to indicate nahi kya tha â€¦ https // t . co / VuGIHsUYU9,,
neutral,@ ammarkhi Same to you ok i ask one thing from u,,
positive,@ Londeka _ Mn Happy birthday more years to you . Have great one,,
positive,'' Ukiona wao ! Weka Taya ! '' '' Your honor I meant if you see them you should shine a light on them ! ',,
neutral,RT @ kynamariee evryone might leave you but one wont and it is God,,
neutral,@ ThisisIK Jab promo nahi aarahe the tab bolrahe the promo nahi aarahe he buzz nahi he ab promo aaraha he buzz he b â€¦ https // t co / w0KsJ9ifgs,,
negative,@ iambabit @ StarSportsIndia Pahle corner wale Pakistani captain ko bahar karo pic click karwane kahin hi aa jata Boys played well ðŸ,,
neutral,@ baumanaustin @ FUSIONPERSON @ PollsScene True dat but on jah OAA is my shit rn,,
negative,RT @ KambohBadshah4 @ iamowaisnoorani yeh wohi chootiya nhi jo galt news detta then maffi aur adalat ke agge rota tha chootiya lair doc,,
neutral,1992 k ODI World Cup ma PAK WI k khilaf pahla match har gia 2009 k T20 World Cup ma PAK ENG k khilaf apna pahla ma â€¦ https // t . co / TLSSLXbsbZ,,
negative,Dandim 0707 Wonosobo Bersama Forkompimca Kab Wonosobo Laksanakan Safari Ramadhan - Korem 072 Pamungkas https // t co / i2CV21qLyj,,
positive,@ narendramodi very nice sir aap ko hmare trph bhut bhut hardik subhkamnaye or dher sarin bdhaiya bjp and Modi j â€¦ https // t co / M0qUMfTysz,,
positive,@ narendramodi Today is great day for Sri Atal jee And sir you had made him proud Bharat mata ki Jay,,
neutral,So last night i left my kids under my parents care and my husband under his own care so i can have an Iftar date w â€¦ https // t . co / hsbypbNaad,,
neutral,@ narendramodi Namste sir Modi ji mere pass aapke liye ek complain hai aapki pradhanmatri awas yojna kya sarkari na â€¦ https // t co / Zff95X6jin,,
neutral,RT @ crazychic450 Pic1Ab yeh AMEER kaun paida hogaya naak tudwane ?ðŸ¤­ðŸ¤¨ Pic2 Mai ameer papaji kahi ameerzada bolke marne to nahi wale ðŸ˜Œ Pi â€¦,,
neutral,@ chitraaum mam hmlog waisa bhi aajtk dekhta hai par aaj aapna ya glt bola ki modi ji ki maa aajtk dekh rhi hai i â€¦ https // t co / wTCHbBllIV,,
neutral,@ GautamGambhir @ Javedakhtarjadu @ RakeyshOmMehra @ GautamGambhir dada ek hi dil hai kitni baar Jitoge ? Jo hua uska d â€¦ https // t . co / a9QyRLDKDW,,
neutral,@ rashtrawadi9 @ Chatterj1Asking Ye group suicide kyu nahi manaate ðŸ˜‰ðŸ˜œ,,
positive,@ KandyShefin @ IndiaToday Aise hi ghatiya logo ki wajah se congress har rahibhai ... agar ye ghatiya log aisee hi bina â€¦ https // t . co / gquUS71XGZ,,
neutral,RT @ UAAPconfessions Love looks good on Maddie !!! Ako lang ba yung sobrang masaya kasi may zolo sya ? Before with the past Z medyo lowkey s â€¦,,
neutral,@ DesiStupides @ Habib _ Hasan _ Haa phle confirm to btaO khA huA ??,,
neutral,RT @ not _ urpizza Aur shukar hai ye laash numa orat @ rass _ malaai wapis ayi Twitter pe Jis ne abi tk faallow nahi kia wo plz karay ðŸ˜¬ðŸ˜ Dil ki â€¦,,
neutral,Me can you get me food Him ðŸ™„ what chu want Me ðŸ˜ dont matter just food Himbruh what chu want Mejust get me food H â€¦ https // t . co / PWydG7npwU,,
neutral,# ASKSTAR # SachinOpenAgains Sehwag Sir kya aap Sachin Sir ke samne bhi song gungunate the kya aur Sachin Sir ka kons â€¦ https // t co / URkLsJkowr,,
negative,@ MuradSaeedPTI PTI ko chahiye Sindh mey Govt banaye nahi to PPP sindh ko Khaa jayegi q k PPP chor party hy ....,,
neutral,@_ Hsn _ Shah @ Bugs _ bunns _ @ littlebub332 _ Usse shayad khud hi pata ho ðŸ˜‚ðŸ˜‚,,
neutral,@ ngeless _ â€” tara hanap tayo ano uhm .... usap hangout soon and movie nightt HAHAHAH miss you paps,,
negative,@ News18UP aise hi karke jitao bhai modi ko and no one gives a shit about musalman with their useless problems like this,,
positive,@ TuksFM1072 @ Likho _ Olwethu I love you bestie ðŸ˜ðŸ˜ðŸ˜ðŸ˜ðŸ˜ðŸ˜,,
positive,@ yashisharmaa I am not against bjp govt kaam kare dhang se to kisse problem hogi bjp haryana govt is good even t â€¦ https // t co / qpkeocWi8F,,
neutral,RT @ surbhisana2926 What a Gorgeous Look Of Mah SJ Sooo Beatifulll Bride She Is ðŸ˜ðŸ˜ðŸ˜ðŸ˜ðŸ˜ðŸ˜ðŸ˜ Nazar Na Lag Jaaye Jaanu ðŸ˜˜ðŸ˜˜ Thought Ye Ghabraa â€¦,,
neutral,RT @ FaizanSays23 Dho diya ashk-e-nadamat ne gunahon ko meray tar hua daman to baare paak daman ho gaya . ~ Momin khan Momin,,
negative,@ theskindoctor13 @ sardanarohit Viswas - rohit kah raha he teri khopdi etne chhed kerenge ki teri khopdi khopdi nahi â€¦ https // t co / qV3hJchsLF,,
negative,@ ModiLeDubega Ye chor buddah Kyu chup chap nehi rehrakta hei rss walo buddah ko gaand maaro jail me rahkebhi khu â€¦ https // t . co / GQWvl0l7ZL,,
neutral,Who says breakup hurts the most Kabhi phone ki screen apne aap chalne lagi hai or rokne pe bhi na ruke ðŸ˜¢,,
negative,@ Rehmanismm Ye parchi ki hi nahosat se sara match khrab hua hai Sala shuro main hi team pe presher dal k chla jata hai,,
neutral,@ Tejasvi _ Surya Absolutely well said Modiji seemed more confident than 2014 So more power to him in his second st â€¦ https // t co / gKwTnBjQq5,,
positive,@ aircatcr Pan 1. I'm a huge sinner 2. I'm 18 3. Friends is my fav show 4. I want Cheez-Whiz 5. Humor is the way t â€¦ https // t . co / C7pEONlHv9,,
neutral,@ PrajapatiNick2 @ Poonam59441855 @ DrRehman0786 @ meenusharma8118 @ follow2deep Koi nahi main usko phle hi block kardiya tha ðŸ˜‚ðŸ˜‚ðŸ˜‚,,
negative,# EVMHacking Without any proof leader EVM pe jhut bol rhe EC chup kyu hai koi action kyu ni leta ? Hmlog voters d â€¦ https // t co / VOxJY2UaBQ,,
negative,Pakistan Team Se Kuch B Expect Ni Kia Ja Skta . Jab Jab Expect Kia Inho Ne Izaat Ka Faloda Hi Bnaya . ðŸ˜‘,,
positive,Yo boys give me the best / funniest pick up lines you â€™ d love to hear a girl say to you ðŸ˜› This girl wants some fresh â€¦ https // t co / JUHzOrxGP1,,
positive,RT @ safc _ tyler If we get Tom Lockyer Curtis Nelson and a good right back to go with hume we have the best defence in the league # SAFC,,
neutral,@ KilledarLipi @ TarekFatah Aapko jaan ke dukh hoga she will be soon free Terrorism ke saath Yaakub memon bhi tha 1â€¦ https // t . co / OI81H3XA7x,,
positive,@ PMOIndia @ narendramodi Adarniye Modi ji aapko dobara desh ka pradhan mantari banne par bahut bahut mubarak Aapki a â€¦ https // t co / tYj6Etwtj6,,
negative,@ TrollNipper @ republic To kya karewhy are u sharing this for what reason BC chutiyape ki bhi seema hoti hai,,
neutral,@ narendramodi SHRIMAAN MODI JI NAMASKAAR JI PAHACHANO APNEY PARAM MITRA MOHANPAL PANDIT JI VILLAGE MAWAI FARIDABAD â€¦ https // t co / K6K16R3drF,,
positive,@ ZeeNewsHindi @ AmitShah Home ministry kadak aur chatur aadmi chahiye is position ke liye . And he is perfect in both .,,
